Date,Open,High,Low,Close,Volume,Adj Close
2022-03-21 16:37:00,2909.75,2911.72,2909.61,2910.16,3273.3915,2910.16
2022-03-21 16:38:00,2910.16,2910.24,2909.04,2909.43,2312.3267,2909.43
2022-03-21 16:39:00,2909.19,2909.19,2907.34,2907.35,1849.4677,2907.35
2022-03-21 16:40:00,2907.34,2908.99,2907.34,2908.18,1717.7373,2908.18
2022-03-21 16:41:00,2908.18,2909.44,2908.18,2909.2,2022.9809,2909.2
2022-03-21 16:42:00,2909.18,2910.72,2907.78,2909.57,905.422,2909.57
2022-03-21 16:43:00,2909.71,2910.6,2909.71,2910.58,1255.2256,2910.58
2022-03-21 16:44:00,2910.59,2910.59,2908.87,2909.62,2584.3409,2909.62
2022-03-21 16:45:00,2909.62,2912,2909.62,2912,1761.6074,2912
2022-03-21 16:46:00,2912.12,2912.65,2910.34,2910.34,1090.5336,2910.34
2022-03-21 16:47:00,2910.33,2911,2910,2910.39,799.1956,2910.39
2022-03-21 16:48:00,2910.39,2910.98,2909.41,2910.52,724.6956,2910.52
2022-03-21 16:49:00,2910.38,2912.33,2910.08,2911,2409.5451,2911
2022-03-21 16:50:00,2911.01,2913.44,2911.01,2911.26,1248.1772,2911.26
2022-03-21 16:51:00,2911.26,2912.55,2911.26,2912.01,1274.0153,2912.01
2022-03-21 16:52:00,2912.18,2912.55,2911.39,2912.48,1455.1991,2912.48
2022-03-21 16:53:00,2912.49,2912.54,2911.53,2911.54,1957.3549,2911.54
2022-03-21 16:54:00,2911.53,2911.62,2910.13,2910.64,1340.4331,2910.64
2022-03-21 16:55:00,2910.63,2910.63,2908.28,2909.08,931.2666,2909.08
2022-03-21 16:56:00,2909.08,2909.09,2906.33,2906.88,1316.6351,2906.88
2022-03-21 16:57:00,2906.97,2906.97,2905.21,2905.21,2499.7543,2905.21
2022-03-21 16:58:00,2905.44,2909.94,2904.4,2908.94,1226.2304,2908.94
2022-03-21 16:59:00,2908.84,2908.84,2907.65,2907.8,2059.488,2907.8
2022-03-21 17:00:00,2907.79,2913.36,2907.79,2911.44,991.3883,2911.44
2022-03-21 17:01:00,2911.74,2912.75,2908.26,2908.52,1895.1546,2908.52
2022-03-21 17:02:00,2908.52,2908.75,2903.43,2904.21,1541.4249,2904.21
2022-03-21 17:03:00,2904.55,2907.16,2904.55,2904.63,1038.4354,2904.63
2022-03-21 17:04:00,2904.55,2904.86,2900,2902.45,857.1588,2902.45
2022-03-21 17:05:00,2902.78,2904.18,2901.82,2902.2,768.493,2902.2
2022-03-21 17:06:00,2902.2,2906.4,2902.2,2905,1661.5945,2905
2022-03-21 17:07:00,2904.99,2905.95,2903.11,2903.4,3670.8355,2903.4
2022-03-21 17:08:00,2903.52,2904.16,2901.93,2902.49,2784.7507,2902.49
2022-03-21 17:09:00,2902.34,2902.79,2900.63,2901.54,10487.0565,2901.54
2022-03-21 17:10:00,2901.54,2904.21,2901.41,2901.94,2252.0591,2901.94
2022-03-21 17:11:00,2901.92,2902.25,2900.52,2900.54,4909.7101,2900.54
2022-03-21 17:12:00,2900.54,2900.81,2899.02,2899.28,2602.0376,2899.28
2022-03-21 17:13:00,2899.32,2900.78,2899.26,2900.23,2451.6586,2900.23
2022-03-21 17:14:00,2900.24,2903.38,2899.17,2901.01,1196.9664,2901.01
2022-03-21 17:15:00,2901.15,2901.56,2900.08,2901.55,872.7399,2901.55
2022-03-21 17:16:00,2901.56,2903,2901.56,2902.23,952.5944,2902.23
2022-03-21 17:17:00,2902.22,2902.22,2899.47,2899.83,1171.1031,2899.83
2022-03-21 17:18:00,2899.84,2901.54,2899.83,2901.4,1471.7642,2901.4
2022-03-21 17:19:00,2901.41,2904.99,2901.41,2904.8,2234.8276,2904.8
2022-03-21 17:20:00,2904.68,2906.25,2903.9,2904.72,1161.6174,2904.72
2022-03-21 17:21:00,2904.71,2906.24,2904.61,2906.21,1568.896,2906.21
2022-03-21 17:22:00,2906.2,2906.2,2903,2903.11,2596.0128,2903.11
2022-03-21 17:23:00,2903.11,2903.99,2902.76,2903.23,1359.3552,2903.23
2022-03-21 17:24:00,2903.12,2903.12,2901.71,2903,1259.6038,2903
2022-03-21 17:25:00,2903.1,2905,2903.09,2903.89,2682.0626,2903.89
2022-03-21 17:26:00,2903.55,2904.81,2902.37,2904.16,2128.0007,2904.16
2022-03-21 17:27:00,2903.97,2905.9,2903.8,2904.93,1456.792,2904.93
2022-03-21 17:28:00,2904.92,2907.98,2904.45,2907.98,1769.9128,2907.98
2022-03-21 17:29:00,2907.98,2908.98,2906.86,2907.2,2829.1692,2907.2
2022-03-21 17:30:00,2907.21,2907.21,2904.66,2905,5795.3386,2905
2022-03-21 17:31:00,2905.01,2905.9,2904.01,2904.25,2732.572,2904.25
2022-03-21 17:32:00,2904.26,2906,2904.26,2905.6,5479.8252,2905.6
2022-03-21 17:33:00,2905.6,2905.6,2904.16,2904.26,13686.5879,2904.26
2022-03-21 17:34:00,2904.26,2905.95,2902.62,2904.76,7844.1589,2904.76
2022-03-21 17:35:00,2904.79,2905,2904.22,2904.41,9896.2521,2904.41
2022-03-21 17:36:00,2904.41,2905.66,2904.4,2905.66,6320.234,2905.66
2022-03-21 17:37:00,2905.66,2907.3,2905.26,2907.27,4592.0184,2907.27
2022-03-21 17:38:00,2907.27,2907.28,2904.87,2904.87,3357.2254,2904.87
2022-03-21 17:39:00,2904.73,2904.9,2902.29,2902.84,3221.4712,2902.84
2022-03-21 17:40:00,2902.76,2902.76,2895.16,2895.31,2578.7102,2895.31
2022-03-21 17:41:00,2895.31,2898,2894.52,2894.53,5027.0829,2894.53
2022-03-21 17:42:00,2894.53,2894.78,2888.58,2889.67,2884.8393,2889.67
2022-03-21 17:43:00,2889.67,2893.98,2889.67,2893.08,4134.0789,2893.08
2022-03-21 17:44:00,2893.08,2894.1,2890.59,2890.69,2932.9934,2890.69
2022-03-21 17:45:00,2890.83,2896.55,2889.43,2896.55,3543.9283,2896.55
2022-03-21 17:46:00,2896.55,2898.06,2895.54,2896.38,7329.6998,2896.38
2022-03-21 17:47:00,2896.38,2899.06,2896.3,2896.68,4851.7169,2896.68
2022-03-21 17:48:00,2896.68,2896.83,2894.06,2894.07,2301.3017,2894.07
2022-03-21 17:49:00,2894.07,2895.88,2892.01,2895.87,4210.9125,2895.87
2022-03-21 17:50:00,2895.88,2896.18,2895,2895.61,4003.9425,2895.61
2022-03-21 17:51:00,2895.61,2898.91,2895.27,2897.26,2680.4415,2897.26
2022-03-21 17:52:00,2897.25,2901.06,2897.14,2900.57,2645.7503,2900.57
2022-03-21 17:53:00,2900.82,2904.6,2900.82,2904.6,2680.6753,2904.6
2022-03-21 17:54:00,2904.6,2909.72,2904.6,2909.35,3271.1694,2909.35
2022-03-21 17:55:00,2909.55,2912.27,2906.81,2906.81,2871.9546,2906.81
2022-03-21 17:56:00,2906.95,2911,2906.67,2909.93,1445.6069,2909.93
2022-03-21 17:57:00,2910.25,2916.05,2910.06,2915.55,7893.4572,2915.55
2022-03-21 17:58:00,2915.91,2919.7,2915.54,2918.44,5783.9002,2918.44
2022-03-21 17:59:00,2918.43,2918.43,2913.57,2914.44,2456.8828,2914.44
2022-03-21 18:00:00,2914.44,2919.78,2914.39,2919.78,1683.3702,2919.78
2022-03-21 18:01:00,2919.78,2923.39,2919.78,2921.32,7273.4501,2921.32
2022-03-21 18:02:00,2921.32,2921.89,2916.52,2919.97,1260.7402,2919.97
2022-03-21 18:03:00,2919.98,2923.4,2919.98,2921.95,1258.1952,2921.95
2022-03-21 18:04:00,2921.95,2921.95,2919.22,2921.14,1338.4861,2921.14
2022-03-21 18:05:00,2921.14,2921.45,2920.97,2921.45,1292.1096,2921.45
2022-03-21 18:06:00,2921.45,2924.21,2920.1,2924.21,1954.3644,2924.21
2022-03-21 18:07:00,2924.21,2927.95,2922.21,2922.95,3504.8909,2922.95
2022-03-21 18:08:00,2922.94,2923.19,2921.59,2922.28,3960.4712,2922.28
2022-03-21 18:09:00,2922.29,2928.12,2922.29,2927,1777.9247,2927
2022-03-21 18:10:00,2927.18,2927.68,2926.45,2926.76,1234.4533,2926.76
2022-03-21 18:11:00,2926.89,2927.59,2924.68,2924.68,2853.3508,2924.68
2022-03-21 18:12:00,2924.67,2925.52,2923.08,2924.62,5370.146,2924.62
2022-03-21 18:13:00,2924.61,2925.33,2923.72,2923.72,1719.9058,2923.72
2022-03-21 18:14:00,2923.86,2926.86,2923.86,2926.86,4498.2597,2926.86
2022-03-21 18:15:00,2926.87,2927.39,2924.53,2926.71,4343.4025,2926.71
2022-03-21 18:16:00,2926.71,2932,2926.45,2930.4,1610.2717,2930.4
2022-03-21 18:17:00,2930.41,2934,2930.33,2933.73,9464.541,2933.73
2022-03-21 18:18:00,2933.78,2938.37,2933.78,2936.89,4242.3913,2936.89
2022-03-21 18:19:00,2936.89,2940.7,2936.89,2938.96,1584.8681,2938.96
2022-03-21 18:20:00,2938.95,2939.36,2935.41,2935.69,1742.5715,2935.69
2022-03-21 18:21:00,2935.69,2936.3,2930.37,2934.5,3589.7229,2934.5
2022-03-21 18:22:00,2934.5,2936.81,2933.47,2935.13,1406.1691,2935.13
2022-03-21 18:23:00,2935.12,2935.36,2931.64,2931.94,1118.1691,2931.94
2022-03-21 18:24:00,2931.94,2932.22,2928.52,2929.95,1214.7697,2929.95
2022-03-21 18:25:00,2929.96,2930.89,2925.09,2928.49,9539.8888,2928.49
2022-03-21 18:26:00,2928.06,2928.06,2922.39,2925.35,28363.718,2925.35
2022-03-21 18:27:00,2925.26,2925.26,2923.26,2923.68,8468.2681,2923.68
2022-03-21 18:28:00,2923.5,2924.56,2923.47,2923.59,4409.9735,2923.59
2022-03-21 18:29:00,2923.59,2924.86,2922.02,2922.03,15849.6304,2922.03
2022-03-21 18:30:00,2922.13,2926.6,2920.12,2922.99,15695.5913,2922.99
2022-03-21 18:31:00,2923,2925.38,2923,2924,5101.7007,2924
2022-03-21 18:32:00,2924,2927.03,2923.22,2925.15,5771.7796,2925.15
2022-03-21 18:33:00,2925.02,2927.94,2925.02,2926.76,3218.7648,2926.76
2022-03-21 18:34:00,2926.6,2930,2925.29,2929.99,3272.3408,2929.99
2022-03-21 18:35:00,2930,2931.9,2928.74,2929.62,3583.841,2929.62
2022-03-21 18:36:00,2929.74,2929.76,2926.01,2929.76,2431.4837,2929.76
2022-03-21 18:37:00,2929.97,2936.38,2929.96,2936.27,2372.0148,2936.27
2022-03-21 18:38:00,2936.27,2938.23,2934.22,2934.23,8368.1282,2934.23
2022-03-21 18:39:00,2934.53,2937,2934.53,2936.51,3419.0703,2936.51
2022-03-21 18:40:00,2936.53,2938.81,2932.67,2932.67,12738.2137,2932.67
2022-03-21 18:41:00,2932.67,2938,2932.67,2935.56,7500.4998,2935.56
2022-03-21 18:42:00,2935.46,2935.98,2934.5,2934.96,6849.9636,2934.96
2022-03-21 18:43:00,2934.96,2946.25,2934.51,2943.01,4196.2152,2943.01
2022-03-21 18:44:00,2943.01,2943.01,2936.57,2936.58,3700.7399,2936.58
2022-03-21 18:45:00,2936.58,2937.81,2934,2934.01,4070.5396,2934.01
2022-03-21 18:46:00,2934,2934.86,2930.8,2932.69,3187.6211,2932.69
2022-03-21 18:47:00,2932.77,2934,2930.81,2931.43,3189.3397,2931.43
2022-03-21 18:48:00,2931.42,2934.46,2930.2,2930.44,3059.1428,2930.44
2022-03-21 18:49:00,2930.34,2930.95,2927.89,2929.76,2262.6269,2929.76
2022-03-21 18:50:00,2929.78,2933.73,2929.78,2933.73,5217.2942,2933.73
2022-03-21 18:51:00,2933.73,2933.73,2928.72,2928.72,4490.9555,2928.72
2022-03-21 18:52:00,2928.36,2928.36,2920.75,2920.75,2223.2664,2920.75
2022-03-21 18:53:00,2921.42,2923.99,2919.24,2920.07,2623.2384,2920.07
2022-03-21 18:54:00,2920.07,2922.68,2916.24,2917.24,3066.1511,2917.24
2022-03-21 18:55:00,2917.61,2919.33,2915.59,2917.87,2190.1602,2917.87
2022-03-21 18:56:00,2917.88,2920.29,2915.83,2919.72,2364.4173,2919.72
2022-03-21 18:57:00,2919.72,2923.75,2919.34,2920.61,2466.011,2920.61
2022-03-21 18:58:00,2920.71,2922.46,2918.51,2918.51,2454.4266,2918.51
2022-03-21 18:59:00,2918.51,2919.17,2915.32,2915.64,3194.3715,2915.64
2022-03-21 19:00:00,2915.65,2917.31,2910,2917.31,5266.6307,2917.31
2022-03-21 19:01:00,2917.31,2923.87,2917.07,2923.85,5719.4463,2923.85
2022-03-21 19:02:00,2923.85,2926.1,2923.5,2924.4,7100.5539,2924.4
2022-03-21 19:03:00,2924.68,2925.3,2922.91,2924.92,12045.7653,2924.92
2022-03-21 19:04:00,2924.81,2926.31,2921.39,2921.39,5949.1181,2921.39
2022-03-21 19:05:00,2921.4,2925.72,2921,2924.47,5966.9238,2924.47
2022-03-21 19:06:00,2924.36,2925,2921.61,2922.55,2515.5262,2922.55
2022-03-21 19:07:00,2922.37,2922.37,2915.66,2915.66,2345.6661,2915.66
2022-03-21 19:08:00,2915.66,2915.66,2904.12,2904.42,2621.2423,2904.42
2022-03-21 19:09:00,2904.57,2908.57,2902,2906.42,2838.291,2906.42
2022-03-21 19:10:00,2906.42,2908.28,2903.52,2905.59,2067.1796,2905.59
2022-03-21 19:11:00,2905.99,2906.99,2902.51,2904.45,3617.6292,2904.45
2022-03-21 19:12:00,2904.07,2906.58,2902.67,2906.57,2478.8597,2906.57
2022-03-21 19:13:00,2906.57,2907.64,2905.77,2905.8,3184.7938,2905.8
2022-03-21 19:14:00,2905.8,2905.8,2903.87,2904.73,3916.8986,2904.73
2022-03-21 19:15:00,2904.73,2905.35,2901.54,2902.99,3363.558,2902.99
2022-03-21 19:16:00,2902.99,2906.72,2902.54,2906.72,2882.6236,2906.72
2022-03-21 19:17:00,2906.71,2909.58,2906,2909.33,8568.7957,2909.33
2022-03-21 19:18:00,2909.27,2909.27,2905.69,2907.47,8851.4206,2907.47
2022-03-21 19:19:00,2907.57,2920,2906.46,2906.95,8454.4771,2906.95
2022-03-21 19:20:00,2906.66,2906.66,2900.56,2904.42,3123.141,2904.42
2022-03-21 19:21:00,2904.4,2905.59,2901.26,2901.78,7290.5041,2901.78
2022-03-21 19:22:00,2901.78,2904.77,2897.45,2898.13,4919.2257,2898.13
2022-03-21 19:23:00,2898.04,2899.59,2894.71,2894.71,16328.7811,2894.71
2022-03-21 19:24:00,2894.72,2900.62,2894.54,2899.63,11825.9895,2899.63
2022-03-21 19:25:00,2899.63,2900.52,2897.92,2899.91,17500.1599,2899.91
2022-03-21 19:26:00,2899.92,2900.7,2895.76,2897.72,6566.2445,2897.72
2022-03-21 19:27:00,2897.72,2899.94,2896,2899.63,9390.3436,2899.63
2022-03-21 19:28:00,2899.86,2900.99,2899.03,2899.42,7605.223,2899.42
2022-03-21 19:29:00,2899.42,2899.44,2897.76,2898.37,8202.7939,2898.37
2022-03-21 19:30:00,2898.48,2900.51,2898.48,2900.5,11809.706,2900.5
2022-03-21 19:31:00,2900.5,2904.82,2899.69,2903.32,7403.5323,2903.32
2022-03-21 19:32:00,2903.31,2903.31,2900.74,2902.86,4480.6947,2902.86
2022-03-21 19:33:00,2902.76,2902.81,2901.14,2901.14,12942.3643,2901.14
2022-03-21 19:34:00,2901.34,2901.34,2897.95,2897.95,4781.5836,2897.95
2022-03-21 19:35:00,2897.92,2897.99,2895.85,2897.83,5500.0629,2897.83
2022-03-21 19:36:00,2897.84,2902.38,2896.41,2901.31,7468.8285,2901.31
2022-03-21 19:37:00,2901.32,2903.68,2900.8,2902,6792.7461,2902
2022-03-21 19:38:00,2902,2904.78,2902,2904.31,3693.157,2904.31
2022-03-21 19:39:00,2904.6,2907.83,2904.6,2907.83,5825.1239,2907.83
2022-03-21 19:40:00,2907.92,2908.15,2903,2904.62,5128.0757,2904.62
2022-03-21 19:41:00,2904.62,2907.96,2904.62,2905.84,14467.9737,2905.84
2022-03-21 19:42:00,2905.98,2905.98,2903.13,2903.51,7765.9243,2903.51
2022-03-21 19:43:00,2903.36,2903.36,2898.68,2899.68,9049.6366,2899.68
2022-03-21 19:44:00,2899.67,2902.39,2898.81,2901.91,4986.9513,2901.91
2022-03-21 19:45:00,2901.9,2901.9,2898.16,2898.3,3810.0097,2898.3
2022-03-21 19:46:00,2898.15,2903.86,2898,2903.86,7041.6292,2903.86
2022-03-21 19:47:00,2903.86,2907.86,2902.57,2907.77,34873.7744,2907.77
2022-03-21 19:48:00,2907.8,2907.85,2903.58,2905.82,12644.0529,2905.82
2022-03-21 19:49:00,2905.54,2905.54,2902.28,2904.48,13241.0012,2904.48
2022-03-21 19:50:00,2904.86,2908.76,2904.86,2907.81,9146.6377,2907.81
2022-03-21 19:51:00,2907.81,2908.61,2906.48,2907.65,6160.5135,2907.65
2022-03-21 19:52:00,2907.51,2907.89,2905.38,2906.39,5934.2501,2906.39
2022-03-21 19:53:00,2906.53,2908.69,2906.26,2907.36,5221.8932,2907.36
2022-03-21 19:54:00,2907.35,2910.9,2906.01,2910.48,11736.8711,2910.48
2022-03-21 19:55:00,2910.71,2910.71,2908.05,2909.04,5423.6703,2909.04
2022-03-21 19:56:00,2909.05,2913.7,2909.05,2913.16,4541.216,2913.16
2022-03-21 19:57:00,2913.2,2917.93,2913,2914.83,6275.9248,2914.83
2022-03-21 19:58:00,2914.83,2924.7,2914.22,2924,5824.7573,2924
2022-03-21 19:59:00,2923.72,2926.32,2920.01,2925.47,4379.4798,2925.47
2022-03-21 20:00:00,2925.21,2929.65,2925.21,2928.88,8104.1696,2928.88
2022-03-21 20:01:00,2928.68,2932.96,2927.79,2927.9,3995.1517,2927.9
2022-03-21 20:02:00,2927.91,2930,2925.21,2927.97,4068.122,2927.97
2022-03-21 20:03:00,2927.97,2927.97,2922.95,2922.98,6665.4837,2922.98
2022-03-21 20:04:00,2922.98,2923.29,2919.54,2919.83,5906.5338,2919.83
2022-03-21 20:05:00,2920,2922.28,2919.33,2922.28,8529.8013,2922.28
2022-03-21 20:06:00,2922.28,2922.29,2918.27,2920.77,5533.2169,2920.77
2022-03-21 20:07:00,2920.77,2921.43,2919.16,2920.97,4216.1586,2920.97
2022-03-21 20:08:00,2920.54,2925.03,2920.14,2922.4,3547.2366,2922.4
2022-03-21 20:09:00,2922.4,2925.47,2922.4,2922.93,11393.3832,2922.93
2022-03-21 20:10:00,2922.94,2927.23,2922.94,2926.31,5931.8273,2926.31
2022-03-21 20:11:00,2926.32,2932.05,2926.31,2931.04,6162.179,2931.04
2022-03-21 20:12:00,2930.77,2932.45,2928.49,2931.01,2813.195,2931.01
2022-03-21 20:13:00,2930.83,2932.75,2929.41,2931.83,3174.7359,2931.83
2022-03-21 20:14:00,2931.88,2935.66,2931.31,2934.99,2423.7663,2934.99
2022-03-21 20:15:00,2935,2936.2,2930.65,2932.78,9926.611,2932.78
2022-03-21 20:16:00,2932.79,2939.17,2932.79,2938.67,11040.7109,2938.67
2022-03-21 20:17:00,2938.68,2945.96,2938.55,2944.71,3081.1867,2944.71
2022-03-21 20:18:00,2944.71,2944.87,2942.59,2943.26,2790.8976,2943.26
2022-03-21 20:19:00,2943.26,2943.26,2939.7,2941.18,2441.7059,2941.18
2022-03-21 20:20:00,2941.19,2942,2939.17,2939.49,3016.2803,2939.49
2022-03-21 20:21:00,2939.5,2945.07,2936.04,2944.13,9877.7175,2944.13
2022-03-21 20:22:00,2943.9,2948.77,2943.9,2947.35,4420.1373,2947.35
2022-03-21 20:23:00,2947.35,2948.76,2945,2947.01,2414.5327,2947.01
2022-03-21 20:24:00,2947.01,2950,2945.15,2949.93,2916.6575,2949.93
2022-03-21 20:25:00,2949.67,2953.9,2947.01,2951.81,4435.5226,2951.81
2022-03-21 20:26:00,2951.66,2951.66,2944.9,2947.28,3594.1264,2947.28
2022-03-21 20:27:00,2947.29,2951.14,2947.29,2950.42,5797.3321,2950.42
2022-03-21 20:28:00,2950.42,2951.28,2946.07,2946.07,2492.2586,2946.07
2022-03-21 20:29:00,2946.07,2949.05,2944.42,2946.52,4503.4257,2946.52
2022-03-21 20:30:00,2947.1,2948.23,2941.35,2941.97,8004.2573,2941.97
2022-03-21 20:31:00,2941.97,2946.93,2941.97,2946.51,7802.67,2946.51
2022-03-21 20:32:00,2946.75,2950,2945.49,2949.73,5014.1285,2949.73
2022-03-21 20:33:00,2949.73,2952.5,2949.72,2951.39,4204.2934,2951.39
2022-03-21 20:34:00,2951.4,2955.25,2951.4,2955.24,3371.2324,2955.24
2022-03-21 20:35:00,2955.24,2955.6,2952.29,2952.71,5760.5552,2952.71
2022-03-21 20:36:00,2952.35,2954.98,2951.37,2954.7,3875.2806,2954.7
2022-03-21 20:37:00,2954.69,2957.83,2953.45,2953.46,7067.7932,2953.46
2022-03-21 20:38:00,2953.46,2956.73,2953.46,2956.43,7055.6388,2956.43
2022-03-21 20:39:00,2956.58,2956.89,2954.93,2955.56,13563.3861,2955.56
2022-03-21 20:40:00,2955.55,2955.55,2950.72,2951.3,6894.9241,2951.3
2022-03-21 20:41:00,2951.31,2954.28,2951.3,2953.1,5005.8682,2953.1
2022-03-21 20:42:00,2952.96,2954.69,2948.53,2950.23,3579.5072,2950.23
2022-03-21 20:43:00,2950.21,2950.81,2948.5,2950.63,5060.4129,2950.63
2022-03-21 20:44:00,2950.62,2950.81,2948.33,2949.06,4853.5187,2949.06
2022-03-21 20:45:00,2949.41,2950.15,2946.07,2946.07,3832.7186,2946.07
2022-03-21 20:46:00,2946,2948.63,2946,2947.81,3694.8025,2947.81
2022-03-21 20:47:00,2947.8,2949.91,2947.44,2949.91,4590.1467,2949.91
2022-03-21 20:48:00,2949.91,2951.41,2949.91,2950.49,8166.0517,2950.49
2022-03-21 20:49:00,2950.49,2950.49,2945.85,2947.62,4098.3458,2947.62
2022-03-21 20:50:00,2947.61,2947.61,2942.46,2944.06,2848.6629,2944.06
2022-03-21 20:51:00,2943.78,2945,2942,2945,5950.2183,2945
2022-03-21 20:52:00,2945,2947.83,2945,2947.69,4739.4699,2947.69
2022-03-21 20:53:00,2947.7,2951.59,2947.7,2951.56,7071.4293,2951.56
2022-03-21 20:54:00,2951.56,2954.55,2950.52,2951.08,5218.8006,2951.08
2022-03-21 20:55:00,2950.81,2952.24,2949.49,2952.23,5018.54,2952.23
2022-03-21 20:56:00,2952.23,2953.38,2951.67,2951.67,3058.6383,2951.67
2022-03-21 20:57:00,2951.67,2952.52,2950.71,2952.01,6485.5038,2952.01
2022-03-21 20:58:00,2952.12,2956.14,2952.12,2952.25,4756.1599,2952.25
2022-03-21 20:59:00,2952.25,2956.38,2952.01,2956.27,5642.0321,2956.27
2022-03-21 21:00:00,2956.28,2961.49,2952.05,2952.58,4729.446,2952.58
2022-03-21 21:01:00,2952.58,2960.42,2952.57,2960.41,10814.915,2960.41
2022-03-21 21:02:00,2960.39,2962,2957.51,2961.34,4066.0767,2961.34
2022-03-21 21:03:00,2960.98,2962.06,2958.01,2959.35,16845.7824,2959.35
2022-03-21 21:04:00,2959.35,2959.35,2956.1,2958.05,15676.1849,2958.05
2022-03-21 21:05:00,2958.06,2959.55,2952.08,2952.08,7065.451,2952.08
2022-03-21 21:06:00,2952.08,2953.8,2950.47,2953.33,9055.2254,2953.33
2022-03-21 21:07:00,2953.33,2955,2952.35,2955,12979.6112,2955
2022-03-21 21:08:00,2955.24,2957.88,2954.31,2957.88,7884.8948,2957.88
2022-03-21 21:09:00,2957.88,2958.74,2956.67,2958.73,11885.7303,2958.73
2022-03-21 21:10:00,2958.74,2958.74,2955.99,2956.22,11300.2786,2956.22
2022-03-21 21:11:00,2956.38,2956.38,2954.52,2955.25,9439.1348,2955.25
2022-03-21 21:12:00,2955.26,2955.26,2950.95,2952.26,5603.7386,2952.26
2022-03-21 21:13:00,2952.26,2952.51,2950.46,2951.69,9942.5475,2951.69
2022-03-21 21:14:00,2951.7,2952.51,2951.14,2952.11,18949.8323,2952.11
2022-03-21 21:15:00,2951.86,2952.35,2948.86,2948.86,8770.2505,2948.86
2022-03-21 21:16:00,2948.85,2949.95,2947.11,2947.11,6751.2872,2947.11
2022-03-21 21:17:00,2947.12,2948.46,2945.11,2945.12,14952.0829,2945.12
2022-03-21 21:18:00,2945.12,2948.45,2945.12,2947.29,7184.7075,2947.29
2022-03-21 21:19:00,2947.28,2948.07,2947,2947,5913.2052,2947
2022-03-21 21:20:00,2947,2948.8,2946.01,2946.41,6964.5232,2946.41
2022-03-21 21:21:00,2946.58,2948.44,2946.58,2947.3,7947.0505,2947.3
2022-03-21 21:22:00,2947.15,2947.46,2945.72,2946.5,5271.2033,2946.5
2022-03-21 21:23:00,2946.5,2947.46,2945.68,2947.24,4358.809,2947.24
2022-03-21 21:24:00,2947.4,2948,2946.42,2946.76,3839.7068,2946.76
2022-03-21 21:25:00,2946.77,2948,2946.77,2947,4742.309,2947
2022-03-21 21:26:00,2947,2947,2945.16,2945.95,3162.4626,2945.95
2022-03-21 21:27:00,2945.96,2946.6,2943.76,2944.71,4746.0353,2944.71
2022-03-21 21:28:00,2944.46,2949.94,2943.84,2948.82,5377.3884,2948.82
2022-03-21 21:29:00,2948.81,2952,2948.57,2950.34,2057.4425,2950.34
2022-03-21 21:30:00,2950.34,2950.35,2936.89,2936.92,2152.5793,2936.92
2022-03-21 21:31:00,2936.92,2938.34,2929.49,2932.94,1958.84,2932.94
2022-03-21 21:32:00,2932.59,2935.05,2926.1,2934.18,1660.4477,2934.18
2022-03-21 21:33:00,2934.24,2934.24,2929.02,2930,1445.1289,2930
2022-03-21 21:34:00,2930,2933.57,2928.06,2933,1466.4915,2933
2022-03-21 21:35:00,2933,2933.48,2926.38,2926.82,1830.0785,2926.82
2022-03-21 21:36:00,2927.1,2930.16,2924.1,2929.93,1608.2849,2929.93
2022-03-21 21:37:00,2930.1,2930.1,2923.19,2925.59,2248.5096,2925.59
2022-03-21 21:38:00,2925.7,2925.91,2922.89,2923.12,1866.8466,2923.12
2022-03-21 21:39:00,2923.27,2930.78,2923.27,2930.78,1742.7837,2930.78
2022-03-21 21:40:00,2930.79,2932.95,2928.36,2929.1,1702.4134,2929.1
2022-03-21 21:41:00,2929.09,2929.09,2927.01,2927.3,4625.2186,2927.3
2022-03-21 21:42:00,2927.03,2932.95,2927.03,2932.01,2382.1939,2932.01
2022-03-21 21:43:00,2932,2932,2928.27,2929.36,2431.2218,2929.36
2022-03-21 21:44:00,2929.08,2934.2,2929.01,2933.66,2938.996,2933.66
2022-03-21 21:45:00,2933.65,2933.65,2929.56,2931.94,3955.4093,2931.94
2022-03-21 21:46:00,2931.93,2931.93,2928.11,2928.11,4248.1958,2928.11
2022-03-21 21:47:00,2928.02,2928.44,2924.6,2924.6,9783.3192,2924.6
2022-03-21 21:48:00,2924.57,2928.13,2923.65,2927.88,5679.4755,2927.88
2022-03-21 21:49:00,2927.55,2931.46,2927.06,2930.89,12163.2506,2930.89
2022-03-21 21:50:00,2930.88,2930.88,2928.11,2928.74,3991.9978,2928.74
2022-03-21 21:51:00,2928.53,2929,2920.41,2920.74,6899.2782,2920.74
2022-03-21 21:52:00,2920.65,2922.65,2919.5,2922.23,3190.9638,2922.23
2022-03-21 21:53:00,2922.23,2922.95,2915.92,2918.25,4109.2956,2918.25
2022-03-21 21:54:00,2918.25,2918.25,2911.35,2913.11,22315.0687,2913.11
2022-03-21 21:55:00,2912.96,2917.85,2911.51,2914.16,28292.4547,2914.16
2022-03-21 21:56:00,2914.43,2917.66,2914.43,2917.21,22915.3895,2917.21
2022-03-21 21:57:00,2917.11,2917.11,2911.66,2913.79,18862.5734,2913.79
2022-03-21 21:58:00,2913.47,2913.47,2907.38,2907.43,11779.1318,2907.43
2022-03-21 21:59:00,2907.42,2910.22,2905,2907.36,5651.7521,2907.36
2022-03-21 22:00:00,2907.36,2910.08,2906.61,2907.26,3842.3583,2907.26
2022-03-21 22:01:00,2907.26,2908.45,2903.3,2903.75,5025.7987,2903.75
2022-03-21 22:02:00,2903.75,2907.65,2903.23,2907.51,6261.1639,2907.51
2022-03-21 22:03:00,2907.51,2911,2907.46,2911,3958.5035,2911
2022-03-21 22:04:00,2911,2912.72,2906.01,2906.01,3866.3492,2906.01
2022-03-21 22:05:00,2906.01,2908.89,2903.2,2908.62,4307.6259,2908.62
2022-03-21 22:06:00,2908.62,2912.21,2908.1,2910.57,3132.2812,2910.57
2022-03-21 22:07:00,2910.58,2913.92,2910.58,2912.62,5858.5685,2912.62
2022-03-21 22:08:00,2912.63,2914.74,2911.01,2911.01,6485.5605,2911.01
2022-03-21 22:09:00,2911,2912.05,2908.76,2910.56,2810.0545,2910.56
2022-03-21 22:10:00,2910.86,2911.81,2907,2908.19,11170.4555,2908.19
2022-03-21 22:11:00,2908.19,2911.41,2907.55,2911.2,3273.3915,2911.2
2022-03-21 22:12:00,2910.98,2910.98,2906.71,2907.75,2312.3267,2907.75
2022-03-21 22:13:00,2907.95,2909.96,2907.02,2909.46,1849.4677,2909.46
2022-03-21 22:14:00,2909.36,2909.36,2904.59,2907.46,1717.7373,2907.46
2022-03-21 22:15:00,2907.42,2907.94,2902.66,2902.73,2022.9809,2902.73
2022-03-21 22:16:00,2902.67,2905.95,2901.97,2903.94,905.422,2903.94
2022-03-21 22:17:00,2903.94,2904.73,2902.11,2903.41,1255.2256,2903.41
2022-03-21 22:18:00,2903.42,2903.42,2897.02,2900,2584.3409,2900
2022-03-21 22:19:00,2899.75,2901.54,2898.58,2900.36,1761.6074,2900.36
2022-03-21 22:20:00,2900.37,2904.63,2900.37,2904.63,1090.5336,2904.63
2022-03-21 22:21:00,2904.63,2904.63,2902.5,2902.5,799.1956,2902.5
2022-03-21 22:22:00,2902.5,2903.49,2902.12,2903.33,724.6956,2903.33
2022-03-21 22:23:00,2903.33,2908.66,2902.49,2908.66,2409.5451,2908.66
2022-03-21 22:24:00,2908.42,2911.05,2907,2908.01,1248.1772,2908.01
2022-03-21 22:25:00,2908.01,2910.57,2906.54,2910.43,1274.0153,2910.43
2022-03-21 22:26:00,2909.82,2912.7,2909.13,2912.7,1455.1991,2912.7
2022-03-21 22:27:00,2912.71,2916,2912.26,2916,1957.3549,2916
2022-03-21 22:28:00,2916,2917.15,2913.08,2914.98,1340.4331,2914.98
2022-03-21 22:29:00,2914.98,2914.98,2912.21,2914.42,931.2666,2914.42
2022-03-21 22:30:00,2914.42,2918.37,2913.81,2918.36,1316.6351,2918.36
2022-03-21 22:31:00,2918.37,2922.64,2917.51,2922.59,2499.7543,2922.59
2022-03-21 22:32:00,2922.6,2929.4,2922.22,2925.15,1226.2304,2925.15
2022-03-21 22:33:00,2925.15,2925.15,2921.69,2924.02,2059.488,2924.02
2022-03-21 22:34:00,2924.17,2924.17,2920.05,2922.26,991.3883,2922.26
2022-03-21 22:35:00,2922.26,2922.9,2920.96,2922.38,1895.1546,2922.38
2022-03-21 22:36:00,2922.16,2923.07,2918.56,2919.01,1541.4249,2919.01
2022-03-21 22:37:00,2919.11,2920.99,2919.11,2920.28,1038.4354,2920.28
2022-03-21 22:38:00,2920.27,2922,2919.51,2921.58,857.1588,2921.58
2022-03-21 22:39:00,2921.87,2921.87,2920,2920.87,768.493,2920.87
2022-03-21 22:40:00,2920.69,2920.7,2916.66,2916.83,1661.5945,2916.83
2022-03-21 22:41:00,2916.83,2917.64,2914.44,2917.38,3670.8355,2917.38
2022-03-21 22:42:00,2917.38,2918.7,2913.16,2914.2,2784.7507,2914.2
2022-03-21 22:43:00,2914.46,2914.46,2910.01,2910.73,10487.0565,2910.73
2022-03-21 22:44:00,2911.18,2911.64,2909.4,2911.2,2252.0591,2911.2
2022-03-21 22:45:00,2911.46,2912.6,2906.28,2906.74,4909.7101,2906.74
2022-03-21 22:46:00,2906.75,2906.97,2904.61,2906.49,2602.0376,2906.49
2022-03-21 22:47:00,2906.65,2911.63,2906.65,2910.71,2451.6586,2910.71
2022-03-21 22:48:00,2910.72,2916.39,2909.54,2915.04,1196.9664,2915.04
2022-03-21 22:49:00,2915.04,2917.66,2913.89,2916.87,872.7399,2916.87
2022-03-21 22:50:00,2916.84,2918.89,2916.84,2917.9,952.5944,2917.9
2022-03-21 22:51:00,2917.9,2921.05,2917.9,2919.61,1171.1031,2919.61
2022-03-21 22:52:00,2919.62,2920,2917.86,2920,1471.7642,2920
2022-03-21 22:53:00,2919.99,2921.15,2919.62,2920.41,2234.8276,2920.41
2022-03-21 22:54:00,2920.53,2920.9,2917.11,2917.84,1161.6174,2917.84
2022-03-21 22:55:00,2917.77,2918.36,2915.26,2916.33,1568.896,2916.33
2022-03-21 22:56:00,2916.49,2917.89,2916.03,2917.88,2596.0128,2917.88
2022-03-21 22:57:00,2917.89,2921.79,2917.89,2921.79,1359.3552,2921.79
2022-03-21 22:58:00,2921.79,2921.87,2920.41,2920.6,1259.6038,2920.6
2022-03-21 22:59:00,2920.6,2921.56,2920.59,2921.45,2682.0626,2921.45
2022-03-21 23:00:00,2921.45,2926.66,2921.44,2921.44,2128.0007,2921.44
2022-03-21 23:01:00,2921.05,2921.05,2918.5,2919.56,1456.792,2919.56
2022-03-21 23:02:00,2919.2,2919.63,2917.51,2918,1769.9128,2918
2022-03-21 23:03:00,2918.05,2919.93,2918.01,2918.28,2829.1692,2918.28
2022-03-21 23:04:00,2918.28,2918.58,2917.33,2917.86,5795.3386,2917.86
2022-03-21 23:05:00,2918.06,2918.06,2916,2916.45,2732.572,2916.45
2022-03-21 23:06:00,2916.45,2917.86,2916.02,2916.55,5479.8252,2916.55
2022-03-21 23:07:00,2916.55,2918.68,2915.46,2915.47,13686.5879,2915.47
2022-03-21 23:08:00,2915.46,2916.5,2914.91,2914.91,7844.1589,2914.91
2022-03-21 23:09:00,2914.9,2916.9,2914.81,2916.56,9896.2521,2916.56
2022-03-21 23:10:00,2916.56,2916.56,2910.46,2911.6,6320.234,2911.6
2022-03-21 23:11:00,2911.48,2913.8,2909.75,2912.95,4592.0184,2912.95
2022-03-21 23:12:00,2912.94,2915.69,2912.53,2915.67,3357.2254,2915.67
2022-03-21 23:13:00,2915.52,2915.91,2915.1,2915.81,3221.4712,2915.81
2022-03-21 23:14:00,2915.51,2915.51,2912.67,2913.68,2578.7102,2913.68
2022-03-21 23:15:00,2913.69,2914.98,2910.68,2910.68,5027.0829,2910.68
2022-03-21 23:16:00,2910.67,2913.5,2910,2913.17,2884.8393,2913.17
2022-03-21 23:17:00,2913.39,2913.99,2911.01,2911.3,4134.0789,2911.3
2022-03-21 23:18:00,2911.16,2911.16,2908.5,2909.21,2932.9934,2909.21
2022-03-21 23:19:00,2909.21,2911.78,2909.21,2910.47,3543.9283,2910.47
2022-03-21 23:20:00,2910.47,2911.56,2910.47,2911.01,7329.6998,2911.01
2022-03-21 23:21:00,2911.33,2916.6,2911.33,2914.29,4851.7169,2914.29
2022-03-21 23:22:00,2914.29,2917,2913.53,2915,2301.3017,2915
2022-03-21 23:23:00,2915,2917.65,2915,2916.84,4210.9125,2916.84
2022-03-21 23:24:00,2917,2917.45,2916.15,2916.9,4003.9425,2916.9
2022-03-21 23:25:00,2916.91,2917.94,2915.77,2915.77,2680.4415,2915.77
2022-03-21 23:26:00,2915.92,2918,2915.92,2918,2645.7503,2918
2022-03-21 23:27:00,2918.18,2920.91,2918.18,2919.9,2680.6753,2919.9
2022-03-21 23:28:00,2920.03,2922.19,2920.03,2921.12,3271.1694,2921.12
2022-03-21 23:29:00,2921.13,2921.55,2919.15,2919.66,2871.9546,2919.66
2022-03-21 23:30:00,2919.66,2921.72,2919.04,2919.34,1445.6069,2919.34
2022-03-21 23:31:00,2919.33,2919.33,2917.56,2917.56,7893.4572,2917.56
2022-03-21 23:32:00,2917.56,2920.57,2917.05,2919.95,5783.9002,2919.95
2022-03-21 23:33:00,2919.71,2921.99,2919.66,2920.3,2456.8828,2920.3
2022-03-21 23:34:00,2920.3,2921.86,2919.97,2921.85,1683.3702,2921.85
2022-03-21 23:35:00,2921.86,2921.99,2919,2919.6,7273.4501,2919.6
2022-03-21 23:36:00,2919.45,2919.99,2917.41,2919.3,1260.7402,2919.3
2022-03-21 23:37:00,2919.24,2921.62,2919.24,2921.5,1258.1952,2921.5
2022-03-21 23:38:00,2921.5,2921.9,2920.46,2920.47,1338.4861,2920.47
2022-03-21 23:39:00,2920.47,2921.1,2919.01,2919.01,1292.1096,2919.01
2022-03-21 23:40:00,2919.17,2919.62,2918,2918.33,1954.3644,2918.33
2022-03-21 23:41:00,2918.33,2921,2917.21,2917.21,3504.8909,2917.21
2022-03-21 23:42:00,2917.21,2917.21,2913.36,2915.87,3960.4712,2915.87
2022-03-21 23:43:00,2915.73,2917.44,2914.93,2916.55,1777.9247,2916.55
2022-03-21 23:44:00,2916.41,2917.37,2915.51,2917.37,1234.4533,2917.37
2022-03-21 23:45:00,2917.38,2918.34,2916.09,2918.34,2853.3508,2918.34
2022-03-21 23:46:00,2918.2,2920.55,2918.2,2919.27,5370.146,2919.27
2022-03-21 23:47:00,2919.26,2920.36,2918.05,2918.86,1719.9058,2918.86
2022-03-21 23:48:00,2918.64,2918.64,2914.44,2914.44,4498.2597,2914.44
2022-03-21 23:49:00,2914.44,2915.92,2914.44,2915.44,4343.4025,2915.44
2022-03-21 23:50:00,2915.22,2915.99,2914.6,2915.15,1610.2717,2915.15
2022-03-21 23:51:00,2915.12,2916.31,2914.52,2914.52,9464.541,2914.52
2022-03-21 23:52:00,2914.68,2916.34,2914.68,2915.22,4242.3913,2915.22
2022-03-21 23:53:00,2915.22,2915.96,2913.79,2913.79,1584.8681,2913.79
2022-03-21 23:54:00,2913.79,2914.39,2911,2911.48,1742.5715,2911.48
2022-03-21 23:55:00,2911.49,2912.28,2908.2,2909.06,3589.7229,2909.06
2022-03-21 23:56:00,2908.82,2909.38,2908.01,2909.23,1406.1691,2909.23
2022-03-21 23:57:00,2909.22,2909.22,2907.64,2907.83,1118.1691,2907.83
2022-03-21 23:58:00,2907.84,2909.16,2906.68,2909.15,1214.7697,2909.15
2022-03-21 23:59:00,2909.16,2909.16,2905.13,2905.46,9539.8888,2905.46
2022-03-22 00:00:00,2905.71,2908.57,2905.46,2907.23,28363.718,2907.23
2022-03-22 00:01:00,2907.23,2908.77,2907.16,2908.03,8468.2681,2908.03
2022-03-22 00:02:00,2908.03,2908.03,2906.18,2907.24,4409.9735,2907.24
2022-03-22 00:03:00,2907.11,2909.12,2905.13,2907.58,15849.6304,2907.58
2022-03-22 00:04:00,2907.58,2911.45,2907.58,2910.91,15695.5913,2910.91
2022-03-22 00:05:00,2910.91,2912,2910.42,2911.62,5101.7007,2911.62
2022-03-22 00:06:00,2911.62,2911.63,2909.88,2911.39,5771.7796,2911.39
2022-03-22 00:07:00,2911.39,2912.2,2909.01,2909.17,3218.7648,2909.17
2022-03-22 00:08:00,2909.18,2909.78,2907.34,2907.34,3272.3408,2907.34
2022-03-22 00:09:00,2907.33,2907.33,2903.3,2903.57,3583.841,2903.57
2022-03-22 00:10:00,2903.57,2904.54,2900.25,2900.25,2431.4837,2900.25
2022-03-22 00:11:00,2900.15,2903.22,2898.75,2903.21,2372.0148,2903.21
2022-03-22 00:12:00,2903.22,2904.8,2903.22,2904.13,8368.1282,2904.13
2022-03-22 00:13:00,2903.87,2905.51,2903.87,2905.17,3419.0703,2905.17
2022-03-22 00:14:00,2905.18,2905.65,2904.64,2905.65,12738.2137,2905.65
2022-03-22 00:15:00,2905.76,2909.4,2905.66,2906,7500.4998,2906
2022-03-22 00:16:00,2906,2908.06,2904.96,2906.02,6849.9636,2906.02
2022-03-22 00:17:00,2906.37,2907.63,2903.95,2904.55,4196.2152,2904.55
2022-03-22 00:18:00,2904.64,2904.64,2901.55,2901.55,3700.7399,2901.55
2022-03-22 00:19:00,2901.54,2901.54,2896.15,2898,4070.5396,2898
2022-03-22 00:20:00,2898,2899.73,2897.01,2899.73,3187.6211,2899.73
2022-03-22 00:21:00,2899.73,2899.99,2899.19,2899.19,3189.3397,2899.19
2022-03-22 00:22:00,2899,2900.88,2898.48,2898.53,3059.1428,2898.53
2022-03-22 00:23:00,2898.73,2900.59,2898.35,2898.75,2262.6269,2898.75
2022-03-22 00:24:00,2898.92,2902.69,2898.92,2901.89,5217.2942,2901.89
2022-03-22 00:25:00,2901.88,2902.83,2901.02,2902.38,4490.9555,2902.38
2022-03-22 00:26:00,2902.5,2903.17,2902.12,2903.17,2223.2664,2903.17
2022-03-22 00:27:00,2903.17,2904.86,2903.17,2904.38,2623.2384,2904.38
2022-03-22 00:28:00,2904.35,2904.5,2902.02,2903.6,3066.1511,2903.6
2022-03-22 00:29:00,2903.6,2904.24,2903.6,2904.24,2190.1602,2904.24
2022-03-22 00:30:00,2904.24,2905.21,2901.23,2902.65,2364.4173,2902.65
2022-03-22 00:31:00,2902.66,2902.66,2901.01,2901.13,2466.011,2901.13
2022-03-22 00:32:00,2901.13,2905.21,2901.13,2904.87,2454.4266,2904.87
2022-03-22 00:33:00,2904.86,2908.27,2904.66,2908.27,3194.3715,2908.27
2022-03-22 00:34:00,2908.27,2909.24,2907.15,2908.83,5266.6307,2908.83
2022-03-22 00:35:00,2908.82,2908.82,2907,2907.51,5719.4463,2907.51
2022-03-22 00:36:00,2907.52,2910,2907.52,2910,7100.5539,2910
2022-03-22 00:37:00,2910,2912.31,2909.99,2912.04,12045.7653,2912.04
2022-03-22 00:38:00,2912.03,2912.03,2909.47,2910.51,5949.1181,2910.51
2022-03-22 00:39:00,2910.51,2911.81,2910.14,2910.39,5966.9238,2910.39
2022-03-22 00:40:00,2910.64,2910.64,2908.34,2909.05,2515.5262,2909.05
2022-03-22 00:41:00,2909.1,2910.38,2908.67,2909.68,2345.6661,2909.68
2022-03-22 00:42:00,2909.75,2912.32,2909.75,2912.32,2621.2423,2912.32
2022-03-22 00:43:00,2912.33,2912.34,2909.23,2910.1,2838.291,2910.1
2022-03-22 00:44:00,2910.1,2910.1,2908.43,2909.63,2067.1796,2909.63
2022-03-22 00:45:00,2909.74,2909.86,2908.5,2909.36,3617.6292,2909.36
2022-03-22 00:46:00,2909.32,2910.86,2909.06,2910.18,2478.8597,2910.18
2022-03-22 00:47:00,2910.18,2910.2,2909.82,2909.82,3184.7938,2909.82
2022-03-22 00:48:00,2909.81,2909.81,2906.48,2907.55,3916.8986,2907.55
2022-03-22 00:49:00,2907.35,2907.5,2906.67,2906.67,3363.558,2906.67
2022-03-22 00:50:00,2906.68,2911.46,2906.68,2910.01,2882.6236,2910.01
2022-03-22 00:51:00,2910.4,2912.34,2909.03,2910.13,8568.7957,2910.13
2022-03-22 00:52:00,2910.14,2910.83,2908.66,2909.46,8851.4206,2909.46
2022-03-22 00:53:00,2909.46,2910.99,2909.46,2910.98,8454.4771,2910.98
2022-03-22 00:54:00,2910.57,2911.2,2910.06,2911.15,3123.141,2911.15
2022-03-22 00:55:00,2911.37,2913.04,2910.44,2912.95,7290.5041,2912.95
2022-03-22 00:56:00,2912.96,2914.43,2912.96,2913.75,4919.2257,2913.75
2022-03-22 00:57:00,2913.76,2916.38,2913.76,2915.51,16328.7811,2915.51
2022-03-22 00:58:00,2915.51,2919,2915.51,2919,11825.9895,2919
2022-03-22 00:59:00,2918.99,2920,2918.99,2919.25,17500.1599,2919.25
2022-03-22 01:00:00,2919.11,2919.11,2916.42,2916.47,6566.2445,2916.47
2022-03-22 01:01:00,2916.47,2919.94,2916.46,2919.94,9390.3436,2919.94
2022-03-22 01:02:00,2919.94,2920,2919.44,2919.93,7605.223,2919.93
2022-03-22 01:03:00,2919.93,2919.94,2918.02,2919,8202.7939,2919
2022-03-22 01:04:00,2918.96,2920.74,2918.96,2920.74,11809.706,2920.74
2022-03-22 01:05:00,2920.73,2920.73,2917.83,2918.74,7403.5323,2918.74
2022-03-22 01:06:00,2918.99,2919.39,2916.01,2918.96,4480.6947,2918.96
2022-03-22 01:07:00,2918.86,2918.86,2917.49,2918.35,12942.3643,2918.35
2022-03-22 01:08:00,2918.54,2919.42,2918.36,2919.42,4781.5836,2919.42
2022-03-22 01:09:00,2919.49,2919.49,2918.02,2918.29,5500.0629,2918.29
2022-03-22 01:10:00,2918.3,2919.96,2918.3,2919.89,7468.8285,2919.89
2022-03-22 01:11:00,2919.9,2920.71,2919.72,2920.34,6792.7461,2920.34
2022-03-22 01:12:00,2920.35,2920.36,2919.01,2920,3693.157,2920
2022-03-22 01:13:00,2920.2,2922.66,2920.2,2922.12,5825.1239,2922.12
2022-03-22 01:14:00,2922.26,2924.49,2922.26,2924.49,5128.0757,2924.49
2022-03-22 01:15:00,2924.49,2924.5,2924,2924,14467.9737,2924
2022-03-22 01:16:00,2923.81,2923.94,2923.58,2923.68,7765.9243,2923.68
2022-03-22 01:17:00,2923.68,2923.68,2919.82,2920.49,9049.6366,2920.49
2022-03-22 01:18:00,2920.49,2920.85,2919.22,2919.52,4986.9513,2919.52
2022-03-22 01:19:00,2919.51,2920.25,2918.93,2920.25,3810.0097,2920.25
2022-03-22 01:20:00,2920.26,2922.09,2920.26,2922.09,7041.6292,2922.09
2022-03-22 01:21:00,2922.1,2922.39,2921.71,2921.71,34873.7744,2921.71
2022-03-22 01:22:00,2921.64,2921.64,2919.02,2919.28,12644.0529,2919.28
2022-03-22 01:23:00,2919.28,2921.45,2919.28,2920.86,13241.0012,2920.86
2022-03-22 01:24:00,2920.84,2921.38,2920.62,2920.62,9146.6377,2920.62
2022-03-22 01:25:00,2920.91,2921.59,2920.5,2920.5,6160.5135,2920.5
2022-03-22 01:26:00,2920.5,2920.66,2920,2920,5934.2501,2920
2022-03-22 01:27:00,2920,2920.09,2918.04,2918.04,5221.8932,2918.04
2022-03-22 01:28:00,2918.04,2919.13,2918.03,2918.38,11736.8711,2918.38
2022-03-22 01:29:00,2918.37,2919.16,2918.37,2918.81,5423.6703,2918.81
2022-03-22 01:30:00,2918.82,2919.16,2916.57,2916.57,4541.216,2916.57
2022-03-22 01:31:00,2916.57,2917.94,2916.57,2917.94,6275.9248,2917.94
2022-03-22 01:32:00,2917.94,2918.18,2917.81,2918.18,5824.7573,2918.18
2022-03-22 01:33:00,2918.18,2919,2918.18,2918.81,4379.4798,2918.81
2022-03-22 01:34:00,2918.74,2918.74,2918.24,2918.24,8104.1696,2918.24
2022-03-22 01:35:00,2918.25,2919.34,2918.24,2919.34,3995.1517,2919.34
2022-03-22 01:36:00,2919.35,2920.46,2919.34,2920,4068.122,2920
2022-03-22 01:37:00,2920,2920,2918.49,2918.49,6665.4837,2918.49
2022-03-22 01:38:00,2918.42,2918.99,2918.41,2918.99,5906.5338,2918.99
2022-03-22 01:39:00,2918.99,2918.99,2918.51,2918.52,8529.8013,2918.52
2022-03-22 01:40:00,2918.52,2919.53,2918.52,2919.53,5533.2169,2919.53
2022-03-22 01:41:00,2919.53,2919.65,2918.82,2919.15,4216.1586,2919.15
2022-03-22 01:42:00,2919.15,2919.15,2918.8,2918.95,3547.2366,2918.95
2022-03-22 01:43:00,2918.96,2921.25,2918.85,2920.46,11393.3832,2920.46
2022-03-22 01:44:00,2920.46,2920.46,2919.39,2919.65,5931.8273,2919.65
2022-03-22 01:45:00,2919.65,2920.81,2919.65,2920.16,6162.179,2920.16
2022-03-22 01:46:00,2920.02,2920.39,2919.63,2920.17,2813.195,2920.17
2022-03-22 01:47:00,2920.16,2920.16,2919.13,2919.13,3174.7359,2919.13
2022-03-22 01:48:00,2919.12,2919.13,2919.12,2919.13,2423.7663,2919.13
2022-03-22 01:49:00,2919.13,2920.3,2919,2920.3,9926.611,2920.3
2022-03-22 01:50:00,2920.31,2921.93,2920.31,2921.93,11040.7109,2921.93
2022-03-22 01:51:00,2921.94,2922.39,2919.62,2920.37,3081.1867,2920.37
2022-03-22 01:52:00,2920.53,2920.53,2920,2920.15,2790.8976,2920.15
2022-03-22 01:53:00,2920.16,2920.16,2919.89,2919.98,2441.7059,2919.98
2022-03-22 01:54:00,2919.99,2920.36,2919.65,2919.65,3016.2803,2919.65
2022-03-22 01:55:00,2919.65,2919.65,2918.11,2918.11,9877.7175,2918.11
2022-03-22 01:56:00,2918,2918,2915.63,2916.01,4420.1373,2916.01
2022-03-22 01:57:00,2916,2916,2914.78,2915.55,2414.5327,2915.55
2022-03-22 01:58:00,2915.54,2915.55,2914.24,2914.28,2916.6575,2914.28
2022-03-22 01:59:00,2914.27,2914.28,2911,2911.17,4435.5226,2911.17
2022-03-22 02:00:00,2911,2913.23,2909.94,2913.23,3594.1264,2913.23
2022-03-22 02:01:00,2913.23,2913.23,2911.56,2911.82,5797.3321,2911.82
2022-03-22 02:02:00,2911.82,2911.82,2910,2910.01,2492.2586,2910.01
2022-03-22 02:03:00,2910.01,2910.01,2908.14,2908.62,4503.4257,2908.62
2022-03-22 02:04:00,2908.61,2908.61,2908.03,2908.31,8004.2573,2908.31
2022-03-22 02:05:00,2908.32,2909.99,2908.32,2909.9,7802.67,2909.9
2022-03-22 02:06:00,2909.9,2910.49,2909.9,2910.49,5014.1285,2910.49
2022-03-22 02:07:00,2910.49,2910.49,2910,2910.01,4204.2934,2910.01
2022-03-22 02:08:00,2910.29,2913.43,2909.52,2912.97,3371.2324,2912.97
2022-03-22 02:09:00,2912.96,2912.96,2908.88,2908.88,5760.5552,2908.88
2022-03-22 02:10:00,2908.88,2908.88,2907.09,2907.21,3875.2806,2907.21
2022-03-22 02:11:00,2907.21,2907.21,2903.41,2903.5,7067.7932,2903.5
2022-03-22 02:12:00,2903.5,2903.75,2900.98,2901.36,7055.6388,2901.36
2022-03-22 02:13:00,2901.37,2904,2900.97,2904,13563.3861,2904
2022-03-22 02:14:00,2904,2904.23,2903.61,2904.23,6894.9241,2904.23
2022-03-22 02:15:00,2904.23,2904.94,2904.23,2904.94,5005.8682,2904.94
2022-03-22 02:16:00,2904.94,2906.67,2904.94,2905.96,3579.5072,2905.96
2022-03-22 02:17:00,2905.96,2906.63,2905.96,2906.63,5060.4129,2906.63
2022-03-22 02:18:00,2906.63,2907.73,2906.63,2907.73,4853.5187,2907.73
2022-03-22 02:19:00,2907.73,2908.4,2907.72,2907.86,3832.7186,2907.86
2022-03-22 02:20:00,2907.86,2909.12,2907.86,2909.12,3694.8025,2909.12
2022-03-22 02:21:00,2909.12,2909.99,2908,2908,4590.1467,2908
2022-03-22 02:22:00,2908,2909.7,2907.63,2909.57,8166.0517,2909.57
2022-03-22 02:23:00,2909.57,2911.12,2909.07,2910.97,4098.3458,2910.97
2022-03-22 02:24:00,2910.97,2913.21,2910.9,2912.95,2848.6629,2912.95
2022-03-22 02:25:00,2912.94,2914,2912.67,2914,5950.2183,2914
2022-03-22 02:26:00,2914,2915.18,2914,2914.46,4739.4699,2914.46
2022-03-22 02:27:00,2914.38,2914.38,2912.73,2912.78,7071.4293,2912.78
2022-03-22 02:28:00,2912.79,2915.75,2912.55,2912.57,5218.8006,2912.57
2022-03-22 02:29:00,2912.57,2912.57,2912.01,2912.01,5018.54,2912.01
2022-03-22 02:30:00,2912.01,2912.01,2911.76,2911.86,3058.6383,2911.86
2022-03-22 02:31:00,2911.86,2911.87,2911.18,2911.19,6485.5038,2911.19
2022-03-22 02:32:00,2911.18,2911.18,2910.8,2910.81,4756.1599,2910.81
2022-03-22 02:33:00,2910.81,2910.96,2908.65,2908.8,5642.0321,2908.8
2022-03-22 02:34:00,2909.27,2910.36,2908.81,2910.36,4729.446,2910.36
2022-03-22 02:35:00,2910.35,2911.66,2910.35,2911.65,10814.915,2911.65
2022-03-22 02:36:00,2911.65,2913.7,2911.65,2913.7,4066.0767,2913.7
2022-03-22 02:37:00,2913.73,2914.43,2913.73,2914.43,16845.7824,2914.43
2022-03-22 02:38:00,2914.43,2914.9,2914.43,2914.6,15676.1849,2914.6
2022-03-22 02:39:00,2914.6,2914.62,2914.56,2914.56,7065.451,2914.56
2022-03-22 02:40:00,2914.55,2914.62,2914.43,2914.62,9055.2254,2914.62
2022-03-22 02:41:00,2914.61,2915,2914.61,2915,12979.6112,2915
2022-03-22 02:42:00,2914.99,2915.22,2914.99,2915,7884.8948,2915
2022-03-22 02:43:00,2915.01,2915.01,2914.97,2914.97,11885.7303,2914.97
2022-03-22 02:44:00,2914.98,2914.99,2914,2914,11300.2786,2914
2022-03-22 02:45:00,2914.01,2915.24,2914,2915.23,9439.1348,2915.23
2022-03-22 02:46:00,2915.24,2915.25,2913.02,2913.02,5603.7386,2913.02
2022-03-22 02:47:00,2913.01,2913.01,2911,2911.25,9942.5475,2911.25
2022-03-22 02:48:00,2911.26,2911.3,2907.4,2907.4,18949.8323,2907.4
2022-03-22 02:49:00,2907.38,2907.38,2904,2906.08,8770.2505,2906.08
2022-03-22 02:50:00,2906.32,2910.97,2906.32,2910.97,6751.2872,2910.97
2022-03-22 02:51:00,2910.97,2912.79,2910.97,2912.78,14952.0829,2912.78
2022-03-22 02:52:00,2912.79,2915.59,2912.78,2915.2,7184.7075,2915.2
2022-03-22 02:53:00,2915.2,2919.7,2915.19,2919.47,5913.2052,2919.47
2022-03-22 02:54:00,2919.51,2921.62,2917.12,2918.06,6964.5232,2918.06
2022-03-22 02:55:00,2918.21,2921.06,2918.01,2920.47,7947.0505,2920.47
2022-03-22 02:56:00,2920.14,2920.36,2918.55,2920.36,5271.2033,2920.36
2022-03-22 02:57:00,2920.36,2921.86,2920.36,2921.63,4358.809,2921.63
2022-03-22 02:58:00,2921.75,2921.87,2920.97,2921,3839.7068,2921
2022-03-22 02:59:00,2920.99,2921.95,2920.99,2921.94,4742.309,2921.94
2022-03-22 03:00:00,2921.95,2922.2,2915.52,2916.76,3162.4626,2916.76
2022-03-22 03:01:00,2916.88,2920.21,2914.19,2915.1,4746.0353,2915.1
2022-03-22 03:02:00,2915.1,2920,2915.1,2918.66,5377.3884,2918.66
2022-03-22 03:03:00,2918.66,2920.54,2918.66,2919.3,2057.4425,2919.3
2022-03-22 03:04:00,2919.41,2920,2918.49,2920,2152.5793,2920
2022-03-22 03:05:00,2919.99,2922.08,2919.63,2920.25,1958.84,2920.25
2022-03-22 03:06:00,2920.25,2920.41,2919.71,2919.88,1660.4477,2919.88
2022-03-22 03:07:00,2920.04,2920.29,2917.84,2920.29,1445.1289,2920.29
2022-03-22 03:08:00,2920.29,2922.34,2920.29,2922.34,1466.4915,2922.34
2022-03-22 03:09:00,2922.34,2922.34,2918.18,2918.31,1830.0785,2918.31
2022-03-22 03:10:00,2918.3,2920.72,2916.89,2920.46,1608.2849,2920.46
2022-03-22 03:11:00,2920.53,2920.75,2919.12,2920.05,2248.5096,2920.05
2022-03-22 03:12:00,2919.95,2920.04,2917.25,2917.25,1866.8466,2917.25
2022-03-22 03:13:00,2917.13,2917.67,2916.03,2916.77,1742.7837,2916.77
2022-03-22 03:14:00,2916.77,2918.88,2916.76,2918.88,1702.4134,2918.88
2022-03-22 03:15:00,2918.87,2918.87,2917.24,2918.52,4625.2186,2918.52
2022-03-22 03:16:00,2918.51,2918.51,2916.02,2916.04,2382.1939,2916.04
2022-03-22 03:17:00,2916.04,2916.89,2915.2,2915.36,2431.2218,2915.36
2022-03-22 03:18:00,2915.36,2917.39,2915.27,2915.84,2938.996,2915.84
2022-03-22 03:19:00,2915.84,2917.25,2915.84,2916.78,3955.4093,2916.78
2022-03-22 03:20:00,2916.72,2916.8,2915.36,2915.36,4248.1958,2915.36
2022-03-22 03:21:00,2915.36,2915.36,2913.23,2913.76,9783.3192,2913.76
2022-03-22 03:22:00,2913.76,2914.66,2913.76,2914.19,5679.4755,2914.19
2022-03-22 03:23:00,2914.19,2918.55,2914.09,2918.22,12163.2506,2918.22
2022-03-22 03:24:00,2918.23,2918.23,2914.97,2915.87,3991.9978,2915.87
2022-03-22 03:25:00,2915.9,2918.35,2915.9,2917.17,6899.2782,2917.17
2022-03-22 03:26:00,2917.17,2918,2917.17,2918,3190.9638,2918
2022-03-22 03:27:00,2918,2919.8,2917.7,2917.7,4109.2956,2917.7
2022-03-22 03:28:00,2917.46,2919.57,2917.36,2917.64,22315.0687,2917.64
2022-03-22 03:29:00,2917.64,2919.54,2917.64,2918.81,28292.4547,2918.81
2022-03-22 03:30:00,2919.03,2919.03,2917.58,2917.58,22915.3895,2917.58
2022-03-22 03:31:00,2917.58,2917.58,2916.02,2916.02,18862.5734,2916.02
2022-03-22 03:32:00,2916.02,2916.02,2915,2915.52,11779.1318,2915.52
2022-03-22 03:33:00,2915.52,2916.98,2914.75,2916.98,5651.7521,2916.98
2022-03-22 03:34:00,2916.98,2916.98,2915.56,2915.56,3842.3583,2915.56
2022-03-22 03:35:00,2915.57,2915.8,2913.28,2913.48,5025.7987,2913.48
2022-03-22 03:36:00,2913.48,2913.66,2912.86,2912.86,6261.1639,2912.86
2022-03-22 03:37:00,2912.85,2915.21,2911.11,2912.07,3958.5035,2912.07
2022-03-22 03:38:00,2911.93,2914.24,2910.93,2913.5,3866.3492,2913.5
2022-03-22 03:39:00,2913.7,2913.99,2913.51,2913.99,4307.6259,2913.99
2022-03-22 03:40:00,2913.99,2914,2912.31,2912.32,3132.2812,2912.32
2022-03-22 03:41:00,2912.32,2913.18,2912.06,2913.18,5858.5685,2913.18
2022-03-22 03:42:00,2913.18,2914.13,2913.17,2914.13,6485.5605,2914.13
2022-03-22 03:43:00,2914.12,2914.18,2911.92,2912.18,2810.0545,2912.18
2022-03-22 03:44:00,2912.41,2913.76,2912.41,2913.75,11170.4555,2913.75
2022-03-22 03:45:00,2913.64,2913.99,2913.25,2913.94,3273.3915,2913.94
2022-03-22 03:46:00,2913.77,2914.36,2913.76,2914.36,2312.3267,2914.36
2022-03-22 03:47:00,2914.35,2914.42,2913.32,2913.84,1849.4677,2913.84
2022-03-22 03:48:00,2913.83,2913.87,2912.04,2912.19,1717.7373,2912.19
2022-03-22 03:49:00,2912.2,2912.64,2911.52,2912.48,2022.9809,2912.48
2022-03-22 03:50:00,2912.33,2913.84,2912.21,2913.84,905.422,2913.84
2022-03-22 03:51:00,2913.55,2914.42,2912.11,2912.11,1255.2256,2912.11
2022-03-22 03:52:00,2912,2912.16,2910.49,2911.98,2584.3409,2911.98
2022-03-22 03:53:00,2911.88,2911.88,2910.01,2910.01,1761.6074,2910.01
2022-03-22 03:54:00,2910.02,2910.23,2909.73,2909.73,1090.5336,2909.73
2022-03-22 03:55:00,2909.73,2912.44,2909.73,2912.43,799.1956,2912.43
2022-03-22 03:56:00,2912.43,2913,2912.43,2913,724.6956,2913
2022-03-22 03:57:00,2913.1,2913.5,2911.01,2911.01,2409.5451,2911.01
2022-03-22 03:58:00,2911,2911.73,2910.38,2911.72,1248.1772,2911.72
2022-03-22 03:59:00,2911.53,2911.53,2908.66,2908.66,1274.0153,2908.66
2022-03-22 04:00:00,2908.96,2908.98,2907.66,2908.49,1455.1991,2908.49
2022-03-22 04:01:00,2908.72,2909.74,2907.66,2908.45,1957.3549,2908.45
2022-03-22 04:02:00,2908.3,2909.72,2907.34,2909.72,1340.4331,2909.72
2022-03-22 04:03:00,2909.72,2909.72,2908.51,2908.94,931.2666,2908.94
2022-03-22 04:04:00,2908.94,2909.98,2908.94,2909.49,1316.6351,2909.49
2022-03-22 04:05:00,2909.49,2909.59,2908.66,2908.96,2499.7543,2908.96
2022-03-22 04:06:00,2908.95,2909.78,2908.91,2909.78,1226.2304,2909.78
2022-03-22 04:07:00,2909.78,2911.53,2909.77,2911.53,2059.488,2911.53
2022-03-22 04:08:00,2911.53,2912.75,2911.53,2912.75,991.3883,2912.75
2022-03-22 04:09:00,2912.75,2912.78,2912.18,2912.37,1895.1546,2912.37
2022-03-22 04:10:00,2912.36,2912.36,2910.61,2910.65,1541.4249,2910.65
2022-03-22 04:11:00,2910.66,2910.99,2909.23,2910.99,1038.4354,2910.99
2022-03-22 04:12:00,2910.68,2911.01,2910.68,2911.01,857.1588,2911.01
2022-03-22 04:13:00,2911.01,2911.01,2909.5,2910.66,768.493,2910.66
2022-03-22 04:14:00,2910.79,2911.75,2910.79,2911.67,1661.5945,2911.67
2022-03-22 04:15:00,2911.59,2911.64,2910.89,2911.57,3670.8355,2911.57
2022-03-22 04:16:00,2911.58,2912.61,2911.58,2912.61,2784.7507,2912.61
2022-03-22 04:17:00,2912.61,2912.61,2911.61,2911.73,10487.0565,2911.73
2022-03-22 04:18:00,2911.76,2912.48,2911.76,2912.35,2252.0591,2912.35
2022-03-22 04:19:00,2912.3,2912.3,2907.75,2908.47,4909.7101,2908.47
2022-03-22 04:20:00,2908.56,2909.09,2908.32,2908.99,2602.0376,2908.99
2022-03-22 04:21:00,2909.21,2909.98,2908.8,2909.82,2451.6586,2909.82
2022-03-22 04:22:00,2909.95,2909.95,2909.29,2909.51,1196.9664,2909.51
2022-03-22 04:23:00,2909.73,2909.74,2908.46,2908.89,872.7399,2908.89
2022-03-22 04:24:00,2908.9,2908.9,2902.01,2905,952.5944,2905
2022-03-22 04:25:00,2904.99,2904.99,2902.19,2902.67,1171.1031,2902.67
2022-03-22 04:26:00,2902.67,2903.31,2898.02,2899.6,1471.7642,2899.6
2022-03-22 04:27:00,2899.61,2899.61,2893.23,2897.02,2234.8276,2897.02
2022-03-22 04:28:00,2897.18,2897.99,2891.2,2892.36,1161.6174,2892.36
2022-03-22 04:29:00,2892.36,2892.36,2888,2890.78,1568.896,2890.78
2022-03-22 04:30:00,2890.62,2891.96,2884.3,2891.96,2596.0128,2891.96
2022-03-22 04:31:00,2891.96,2894.85,2891.96,2894.63,1359.3552,2894.63
2022-03-22 04:32:00,2894.63,2897.87,2894.63,2896.57,1259.6038,2896.57
2022-03-22 04:33:00,2896.57,2896.57,2893.1,2894.22,2682.0626,2894.22
2022-03-22 04:34:00,2894.23,2894.29,2892,2892.08,2128.0007,2892.08
2022-03-22 04:35:00,2892.08,2894.57,2890.02,2894.3,1456.792,2894.3
2022-03-22 04:36:00,2894.45,2896.33,2894.45,2896.33,1769.9128,2896.33
2022-03-22 04:37:00,2896.33,2898.3,2895.91,2897.68,2829.1692,2897.68
2022-03-22 04:38:00,2897.55,2899.2,2897.31,2899.2,5795.3386,2899.2
2022-03-22 04:39:00,2899.19,2899.19,2897.75,2898.95,2732.572,2898.95
2022-03-22 04:40:00,2898.99,2899.95,2898.36,2898.36,5479.8252,2898.36
2022-03-22 04:41:00,2898.14,2898.85,2896.9,2898.03,13686.5879,2898.03
2022-03-22 04:42:00,2898.11,2898.11,2895.83,2896.41,7844.1589,2896.41
2022-03-22 04:43:00,2896.42,2897,2895.83,2896.36,9896.2521,2896.36
2022-03-22 04:44:00,2896.37,2896.6,2895.94,2895.95,6320.234,2895.95
2022-03-22 04:45:00,2895.94,2898.02,2895.94,2898.02,4592.0184,2898.02
2022-03-22 04:46:00,2897.97,2898.49,2896.91,2897.21,3357.2254,2897.21
2022-03-22 04:47:00,2897.26,2898.24,2896.35,2898.05,3221.4712,2898.05
2022-03-22 04:48:00,2898.05,2899.5,2897.55,2899.07,2578.7102,2899.07
2022-03-22 04:49:00,2899.06,2900.1,2898.09,2898.75,5027.0829,2898.75
2022-03-22 04:50:00,2899.13,2900.54,2899.13,2900.45,2884.8393,2900.45
2022-03-22 04:51:00,2900.45,2900.45,2898.31,2898.31,4134.0789,2898.31
2022-03-22 04:52:00,2898.37,2898.68,2896.55,2896.55,2932.9934,2896.55
2022-03-22 04:53:00,2896.53,2896.95,2895.01,2896.32,3543.9283,2896.32
2022-03-22 04:54:00,2896.32,2898.04,2896.31,2897.43,7329.6998,2897.43
2022-03-22 04:55:00,2897.44,2897.68,2895.71,2897.21,4851.7169,2897.21
2022-03-22 04:56:00,2897.21,2897.88,2896.8,2897.68,2301.3017,2897.68
2022-03-22 04:57:00,2897.69,2898.27,2896.15,2896.74,4210.9125,2896.74
2022-03-22 04:58:00,2896.47,2896.74,2896.46,2896.58,4003.9425,2896.58
2022-03-22 04:59:00,2896.48,2896.9,2891.01,2891.01,2680.4415,2891.01
2022-03-22 05:00:00,2891,2891,2887.6,2891,2645.7503,2891
2022-03-22 05:01:00,2891,2892.7,2890.01,2892.7,2680.6753,2892.7
2022-03-22 05:02:00,2893,2895.77,2893,2895.67,3271.1694,2895.67
2022-03-22 05:03:00,2895.67,2896.09,2892,2892.42,2871.9546,2892.42
2022-03-22 05:04:00,2892.41,2892.42,2890.13,2890.7,1445.6069,2890.7
2022-03-22 05:05:00,2890.55,2893.99,2890.26,2892.87,7893.4572,2892.87
2022-03-22 05:06:00,2893.07,2893.33,2891.38,2892.38,5783.9002,2892.38
2022-03-22 05:07:00,2891.92,2895.63,2891.82,2894.77,2456.8828,2894.77
2022-03-22 05:08:00,2894.78,2897.64,2894.78,2897.63,1683.3702,2897.63
2022-03-22 05:09:00,2897.63,2897.63,2894.64,2896.26,7273.4501,2896.26
2022-03-22 05:10:00,2896.27,2897.57,2895.63,2896.29,1260.7402,2896.29
2022-03-22 05:11:00,2896.29,2896.3,2893.77,2894,1258.1952,2894
2022-03-22 05:12:00,2893.89,2894.46,2891.79,2893.01,1338.4861,2893.01
2022-03-22 05:13:00,2893,2893,2890.02,2890.57,1292.1096,2890.57
2022-03-22 05:14:00,2890.57,2891.96,2890.51,2891.96,1954.3644,2891.96
2022-03-22 05:15:00,2891.96,2892.65,2891.96,2892.38,3504.8909,2892.38
2022-03-22 05:16:00,2892.37,2892.37,2889,2889.01,3960.4712,2889.01
2022-03-22 05:17:00,2889.01,2891.3,2888.61,2891.3,1777.9247,2891.3
2022-03-22 05:18:00,2891.3,2892.79,2890.23,2892.79,1234.4533,2892.79
2022-03-22 05:19:00,2892.8,2893.93,2892.8,2893.6,2853.3508,2893.6
2022-03-22 05:20:00,2893.61,2897.23,2893.6,2896.96,5370.146,2896.96
2022-03-22 05:21:00,2896.97,2896.97,2895.39,2895.39,1719.9058,2895.39
2022-03-22 05:22:00,2895.38,2897.17,2895.15,2897.17,4498.2597,2897.17
2022-03-22 05:23:00,2897.17,2897.95,2896.84,2897.95,4343.4025,2897.95
2022-03-22 05:24:00,2897.96,2897.96,2894.87,2895.4,1610.2717,2895.4
2022-03-22 05:25:00,2895.41,2895.57,2893.56,2894.65,9464.541,2894.65
2022-03-22 05:26:00,2894.65,2894.99,2893.88,2893.9,4242.3913,2893.9
2022-03-22 05:27:00,2894.04,2894.9,2893.07,2894.9,1584.8681,2894.9
2022-03-22 05:28:00,2894.9,2897.79,2894.9,2897.4,1742.5715,2897.4
2022-03-22 05:29:00,2897.25,2897.25,2896.47,2896.82,3589.7229,2896.82
2022-03-22 05:30:00,2896.69,2896.71,2894.62,2895.01,1406.1691,2895.01
2022-03-22 05:31:00,2894.87,2894.87,2889.29,2890.14,1118.1691,2890.14
2022-03-22 05:32:00,2889.85,2891,2888.54,2889.7,1214.7697,2889.7
2022-03-22 05:33:00,2889.99,2894.28,2889.99,2894.04,9539.8888,2894.04
2022-03-22 05:34:00,2893.61,2896.99,2893.58,2896.56,28363.718,2896.56
2022-03-22 05:35:00,2896.55,2896.55,2895.49,2895.49,8468.2681,2895.49
2022-03-22 05:36:00,2895.49,2895.49,2895.48,2895.49,4409.9735,2895.49
2022-03-22 05:37:00,2895.48,2896.45,2894.06,2896.44,15849.6304,2896.44
2022-03-22 05:38:00,2896.44,2897.07,2895.77,2895.78,15695.5913,2895.78
2022-03-22 05:39:00,2895.99,2896.4,2895.06,2896.4,5101.7007,2896.4
2022-03-22 05:40:00,2896.8,2897,2896.34,2897,5771.7796,2897
2022-03-22 05:41:00,2897,2897.68,2896.29,2896.45,3218.7648,2896.45
2022-03-22 05:42:00,2896.46,2897.52,2896.46,2897.52,3272.3408,2897.52
2022-03-22 05:43:00,2897.51,2899.28,2897.51,2898.28,3583.841,2898.28
2022-03-22 05:44:00,2898.38,2900.25,2898,2900.07,2431.4837,2900.07
2022-03-22 05:45:00,2900.07,2900.23,2899.18,2900.1,2372.0148,2900.1
2022-03-22 05:46:00,2899.93,2902.31,2899.72,2902.31,8368.1282,2902.31
2022-03-22 05:47:00,2902.3,2904.72,2902.16,2904.07,3419.0703,2904.07
2022-03-22 05:48:00,2904.07,2904.07,2902.44,2902.78,12738.2137,2902.78
2022-03-22 05:49:00,2902.78,2902.78,2901.27,2902.15,7500.4998,2902.15
2022-03-22 05:50:00,2902.06,2903.61,2901.72,2902.77,6849.9636,2902.77
2022-03-22 05:51:00,2902.77,2902.77,2901.01,2901.84,4196.2152,2901.84
2022-03-22 05:52:00,2901.84,2905.31,2901.84,2905.31,3700.7399,2905.31
2022-03-22 05:53:00,2905.33,2906.68,2904.03,2906.66,4070.5396,2906.66
2022-03-22 05:54:00,2906.65,2906.65,2904.08,2904.08,3187.6211,2904.08
2022-03-22 05:55:00,2904.71,2907.77,2904,2907.77,3189.3397,2907.77
2022-03-22 05:56:00,2907.76,2907.77,2906.15,2907.77,3059.1428,2907.77
2022-03-22 05:57:00,2907.77,2907.77,2905.72,2905.72,2262.6269,2905.72
2022-03-22 05:58:00,2905.72,2906.36,2904,2904.46,5217.2942,2904.46
2022-03-22 05:59:00,2904.46,2904.96,2904.22,2904.96,4490.9555,2904.96
2022-03-22 06:00:00,2904.96,2906.88,2904.96,2906.75,2223.2664,2906.75
2022-03-22 06:01:00,2906.74,2906.74,2905.4,2905.9,2623.2384,2905.9
2022-03-22 06:02:00,2905.89,2906.7,2905.42,2906.43,3066.1511,2906.43
2022-03-22 06:03:00,2906.43,2906.43,2905.92,2906.3,2190.1602,2906.3
2022-03-22 06:04:00,2906.3,2906.44,2906.28,2906.44,2364.4173,2906.44
2022-03-22 06:05:00,2906.44,2909.48,2906.44,2909.47,2466.011,2909.47
2022-03-22 06:06:00,2909.47,2909.73,2909.47,2909.51,2454.4266,2909.51
2022-03-22 06:07:00,2909.51,2909.97,2907,2907.97,3194.3715,2907.97
2022-03-22 06:08:00,2907.97,2907.98,2907.03,2907.56,5266.6307,2907.56
2022-03-22 06:09:00,2907.57,2908.36,2906.79,2906.79,5719.4463,2906.79
2022-03-22 06:10:00,2906.8,2908,2905.1,2907.99,7100.5539,2907.99
2022-03-22 06:11:00,2908,2909.71,2908,2909.53,12045.7653,2909.53
2022-03-22 06:12:00,2909.53,2912.87,2909.53,2912.87,5949.1181,2912.87
2022-03-22 06:13:00,2912.88,2912.88,2909.83,2909.83,5966.9238,2909.83
2022-03-22 06:14:00,2909.83,2909.99,2908.54,2909.99,2515.5262,2909.99
2022-03-22 06:15:00,2910,2911.24,2910,2910.57,2345.6661,2910.57
2022-03-22 06:16:00,2910.57,2910.63,2910.32,2910.44,2621.2423,2910.44
2022-03-22 06:17:00,2910.43,2910.43,2907.16,2907.16,2838.291,2907.16
2022-03-22 06:18:00,2907.09,2907.88,2906.68,2907.17,2067.1796,2907.17
2022-03-22 06:19:00,2907.16,2908.62,2906.8,2906.94,3617.6292,2906.94
2022-03-22 06:20:00,2907.06,2907.06,2905.56,2906.3,2478.8597,2906.3
2022-03-22 06:21:00,2906.3,2906.3,2905.62,2905.92,3184.7938,2905.92
2022-03-22 06:22:00,2905.91,2906.45,2905.37,2905.38,3916.8986,2905.38
2022-03-22 06:23:00,2905.37,2905.37,2904.33,2904.52,3363.558,2904.52
2022-03-22 06:24:00,2904.53,2905.55,2904,2904.85,2882.6236,2904.85
2022-03-22 06:25:00,2904.89,2905.19,2904.78,2904.79,8568.7957,2904.79
2022-03-22 06:26:00,2904.79,2904.79,2899,2900.31,8851.4206,2900.31
2022-03-22 06:27:00,2900.21,2900.21,2897.95,2897.95,8454.4771,2897.95
2022-03-22 06:28:00,2897.93,2897.93,2893.8,2894.28,3123.141,2894.28
2022-03-22 06:29:00,2894.28,2895.99,2893.33,2894.01,7290.5041,2894.01
2022-03-22 06:30:00,2894,2894,2891.38,2891.38,4919.2257,2891.38
2022-03-22 06:31:00,2891.39,2892.88,2891.39,2892.45,16328.7811,2892.45
2022-03-22 06:32:00,2892.45,2892.61,2891.72,2892.36,11825.9895,2892.36
2022-03-22 06:33:00,2892.58,2894.66,2892.58,2894.66,17500.1599,2894.66
2022-03-22 06:34:00,2894.66,2895.99,2894.66,2895.99,6566.2445,2895.99
2022-03-22 06:35:00,2895.95,2895.95,2893.35,2893.36,9390.3436,2893.36
2022-03-22 06:36:00,2893.36,2894.06,2893.35,2893.95,7605.223,2893.95
2022-03-22 06:37:00,2893.96,2896.64,2893.95,2896.41,8202.7939,2896.41
2022-03-22 06:38:00,2896.43,2896.43,2894.01,2894.57,11809.706,2894.57
2022-03-22 06:39:00,2894.57,2896.42,2894,2896.2,7403.5323,2896.2
2022-03-22 06:40:00,2896.42,2897.18,2896.42,2896.57,4480.6947,2896.57
2022-03-22 06:41:00,2896.77,2896.77,2895.24,2895.38,12942.3643,2895.38
2022-03-22 06:42:00,2895.38,2896.16,2895.38,2895.62,4781.5836,2895.62
2022-03-22 06:43:00,2895.62,2895.76,2893.25,2893.25,5500.0629,2893.25
2022-03-22 06:44:00,2893.25,2893.25,2892.65,2892.65,7468.8285,2892.65
2022-03-22 06:45:00,2892.64,2892.64,2890.06,2891.73,6792.7461,2891.73
2022-03-22 06:46:00,2891.74,2893.68,2890.98,2893.68,3693.157,2893.68
2022-03-22 06:47:00,2894,2894.34,2893.3,2894.33,5825.1239,2894.33
2022-03-22 06:48:00,2894.48,2895.78,2893.93,2895.78,5128.0757,2895.78
2022-03-22 06:49:00,2895.94,2898.44,2895.94,2897.51,14467.9737,2897.51
2022-03-22 06:50:00,2898.07,2898.07,2896.42,2896.59,7765.9243,2896.59
2022-03-22 06:51:00,2896.59,2897.53,2896.01,2896.01,9049.6366,2896.01
2022-03-22 06:52:00,2896.01,2896.68,2896,2896.57,4986.9513,2896.57
2022-03-22 06:53:00,2896.58,2897.6,2896.58,2897.6,3810.0097,2897.6
2022-03-22 06:54:00,2897.6,2899.2,2897.59,2899.19,7041.6292,2899.19
2022-03-22 06:55:00,2899.19,2899.19,2896.63,2896.69,34873.7744,2896.69
2022-03-22 06:56:00,2896.7,2896.97,2896.01,2896.21,12644.0529,2896.21
2022-03-22 06:57:00,2896.22,2897.73,2896.22,2897.38,13241.0012,2897.38
2022-03-22 06:58:00,2897.38,2897.73,2897.38,2897.72,9146.6377,2897.72
2022-03-22 06:59:00,2897.73,2898.82,2897.73,2898.82,6160.5135,2898.82
2022-03-22 07:00:00,2898.99,2898.99,2897.21,2897.21,5934.2501,2897.21
2022-03-22 07:01:00,2897.18,2897.48,2897.01,2897.48,5221.8932,2897.48
2022-03-22 07:02:00,2897.49,2936,2897.49,2931.63,11736.8711,2931.63
2022-03-22 07:03:00,2931.64,2946.73,2927.24,2943,5423.6703,2943
2022-03-22 07:04:00,2943.15,2945.35,2939.6,2941.59,4541.216,2941.59
2022-03-22 07:05:00,2941.6,2942.23,2920.49,2920.77,6275.9248,2920.77
2022-03-22 07:06:00,2920.77,2929.4,2920.77,2925.37,5824.7573,2925.37
2022-03-22 07:07:00,2925.36,2925.97,2916.51,2920.93,4379.4798,2920.93
2022-03-22 07:08:00,2920.91,2925.94,2920.91,2925.64,8104.1696,2925.64
2022-03-22 07:09:00,2925.37,2928.14,2924.81,2927.14,3995.1517,2927.14
2022-03-22 07:10:00,2927.13,2935.11,2923.28,2935.08,4068.122,2935.08
2022-03-22 07:11:00,2935.08,2937.96,2934.34,2935,6665.4837,2935
2022-03-22 07:12:00,2934.69,2935.38,2931.06,2934.51,5906.5338,2934.51
2022-03-22 07:13:00,2934.74,2934.74,2929,2930.42,8529.8013,2930.42
2022-03-22 07:14:00,2930.41,2933.74,2928.75,2933.32,5533.2169,2933.32
2022-03-22 07:15:00,2933.33,2937.99,2933.22,2937.99,4216.1586,2937.99
2022-03-22 07:16:00,2937.99,2944.5,2937.99,2943.97,3547.2366,2943.97
2022-03-22 07:17:00,2943.74,2943.74,2939.34,2940.1,11393.3832,2940.1
2022-03-22 07:18:00,2940.1,2940.25,2937.83,2939.45,5931.8273,2939.45
2022-03-22 07:19:00,2939.36,2939.85,2936.08,2939.24,6162.179,2939.24
2022-03-22 07:20:00,2939.24,2942.58,2939.24,2942.58,2813.195,2942.58
2022-03-22 07:21:00,2942.59,2943,2941.24,2941.82,3174.7359,2941.82
2022-03-22 07:22:00,2941.8,2941.8,2939.58,2940.99,2423.7663,2940.99
2022-03-22 07:23:00,2941,2949.26,2941,2945.96,9926.611,2945.96
2022-03-22 07:24:00,2945.96,2951.81,2945.96,2950.19,11040.7109,2950.19
2022-03-22 07:25:00,2950.66,2955.5,2950.55,2953.43,3081.1867,2953.43
2022-03-22 07:26:00,2953.48,2953.48,2948.27,2949.56,2790.8976,2949.56
2022-03-22 07:27:00,2949.56,2952.07,2948.8,2952.01,2441.7059,2952.01
2022-03-22 07:28:00,2952.07,2964.84,2952.07,2963.18,3016.2803,2963.18
2022-03-22 07:29:00,2963.18,2966,2959.25,2962.9,9877.7175,2962.9
2022-03-22 07:30:00,2962.9,2965,2954.25,2956.64,4420.1373,2956.64
2022-03-22 07:31:00,2956.64,2958.97,2955.42,2958.97,2414.5327,2958.97
2022-03-22 07:32:00,2958.98,2965.43,2958.97,2961.16,2916.6575,2961.16
2022-03-22 07:33:00,2961.16,2964.73,2961.16,2963.84,4435.5226,2963.84
2022-03-22 07:34:00,2964.05,2965.57,2958.34,2961.65,3594.1264,2961.65
2022-03-22 07:35:00,2961.9,2961.9,2956,2957.25,5797.3321,2957.25
2022-03-22 07:36:00,2957.01,2958.27,2954.94,2956.57,2492.2586,2956.57
2022-03-22 07:37:00,2956.57,2956.57,2953.07,2955.79,4503.4257,2955.79
2022-03-22 07:38:00,2955.77,2958.15,2954.64,2957.4,8004.2573,2957.4
2022-03-22 07:39:00,2957.93,2961.11,2957.81,2961.11,7802.67,2961.11
2022-03-22 07:40:00,2961.11,2961.4,2957.22,2957.38,5014.1285,2957.38
2022-03-22 07:41:00,2957.37,2960.96,2957.15,2960.06,4204.2934,2960.06
2022-03-22 07:42:00,2960.21,2961.15,2959.08,2961.15,3371.2324,2961.15
2022-03-22 07:43:00,2961.17,2962.36,2961.05,2961.42,5760.5552,2961.42
2022-03-22 07:44:00,2961.66,2971.42,2961.55,2969.09,3875.2806,2969.09
2022-03-22 07:45:00,2969.08,2973,2969.08,2970.25,7067.7932,2970.25
2022-03-22 07:46:00,2970.25,2976.58,2969.55,2973.59,7055.6388,2973.59
2022-03-22 07:47:00,2973.47,2974.36,2971.28,2971.86,13563.3861,2971.86
2022-03-22 07:48:00,2971.78,2974.21,2968.76,2974.08,6894.9241,2974.08
2022-03-22 07:49:00,2974.08,2978.63,2974.08,2977.66,5005.8682,2977.66
2022-03-22 07:50:00,2977.66,2978.06,2973.41,2973.41,3579.5072,2973.41
2022-03-22 07:51:00,2973.57,2977.32,2973.42,2977.31,5060.4129,2977.31
2022-03-22 07:52:00,2977.31,2978.48,2976.64,2977.12,4853.5187,2977.12
2022-03-22 07:53:00,2977.13,2977.29,2976,2976,3832.7186,2976
2022-03-22 07:54:00,2975.84,2975.84,2973.75,2974.28,3694.8025,2974.28
2022-03-22 07:55:00,2974.16,2974.16,2970.02,2970.77,4590.1467,2970.77
2022-03-22 07:56:00,2971.01,2971.51,2969.41,2969.42,8166.0517,2969.42
2022-03-22 07:57:00,2969.42,2971.5,2968.9,2971,4098.3458,2971
2022-03-22 07:58:00,2971.15,2971.99,2968.93,2969.06,2848.6629,2969.06
2022-03-22 07:59:00,2969.36,2969.51,2964.88,2965.11,5950.2183,2965.11
2022-03-22 08:00:00,2965.1,2973.73,2964.94,2973.58,4739.4699,2973.58
2022-03-22 08:01:00,2973.58,2977.55,2972.87,2972.87,7071.4293,2972.87
2022-03-22 08:02:00,2972.86,2973.64,2971.35,2971.39,5218.8006,2971.39
2022-03-22 08:03:00,2971.38,2971.38,2968.23,2968.9,5018.54,2968.9
2022-03-22 08:04:00,2968.91,2972.2,2968.91,2970.22,3058.6383,2970.22
2022-03-22 08:05:00,2970.22,2972.67,2970.22,2971.29,6485.5038,2971.29
2022-03-22 08:06:00,2971.41,2972.34,2971.03,2971.66,4756.1599,2971.66
2022-03-22 08:07:00,2971.66,2973.56,2971.66,2971.81,5642.0321,2971.81
2022-03-22 08:08:00,2971.79,2979.12,2971.07,2977.01,4729.446,2977.01
2022-03-22 08:09:00,2977.45,2982.35,2977.44,2980.04,10814.915,2980.04
2022-03-22 08:10:00,2979.9,2981.79,2977.04,2977.16,4066.0767,2977.16
2022-03-22 08:11:00,2977.16,2977.16,2973.54,2973.54,16845.7824,2973.54
2022-03-22 08:12:00,2973.98,2975.88,2973.98,2974.42,15676.1849,2974.42
2022-03-22 08:13:00,2974.42,2975.28,2973.55,2973.56,7065.451,2973.56
2022-03-22 08:14:00,2973.84,2976.98,2973.84,2976.98,9055.2254,2976.98
2022-03-22 08:15:00,2976.98,2979.12,2976.98,2978.66,12979.6112,2978.66
2022-03-22 08:16:00,2978.81,2979.95,2978.7,2978.84,7884.8948,2978.84
2022-03-22 08:17:00,2979.01,2985,2979.01,2983.81,11885.7303,2983.81
2022-03-22 08:18:00,2983.8,3007.36,2983.76,3004.99,11300.2786,3004.99
2022-03-22 08:19:00,3005.02,3017,2998.64,3016.27,9439.1348,3016.27
2022-03-22 08:20:00,3016.27,3018.95,3010.68,3018.95,5603.7386,3018.95
2022-03-22 08:21:00,3018.95,3031.31,3018.95,3024.87,9942.5475,3024.87
2022-03-22 08:22:00,3024.86,3025.05,3011.88,3018.33,18949.8323,3018.33
2022-03-22 08:23:00,3018.34,3026.49,3017.73,3024.6,8770.2505,3024.6
2022-03-22 08:24:00,3024.6,3024.6,3017.78,3020.62,6751.2872,3020.62
2022-03-22 08:25:00,3020.62,3020.62,3014.67,3015.06,14952.0829,3015.06
2022-03-22 08:26:00,3015.05,3015.05,3007.38,3009.22,7184.7075,3009.22
2022-03-22 08:27:00,3008.93,3010.01,3006.85,3008.37,5913.2052,3008.37
2022-03-22 08:28:00,3008.5,3012.87,3007.23,3009.63,6964.5232,3009.63
2022-03-22 08:29:00,3009.64,3013.6,3009.42,3012.73,7947.0505,3012.73
2022-03-22 08:30:00,3013.01,3014.78,3010.2,3012.56,5271.2033,3012.56
2022-03-22 08:31:00,3012.09,3019.47,3010.5,3018.6,4358.809,3018.6
2022-03-22 08:32:00,3018.56,3019.51,3014.74,3014.74,3839.7068,3014.74
2022-03-22 08:33:00,3014.89,3014.89,3010.09,3011.08,4742.309,3011.08
2022-03-22 08:34:00,3011.08,3015.32,3011.08,3015.32,3162.4626,3015.32
2022-03-22 08:35:00,3015.33,3020.39,3015.33,3019.48,4746.0353,3019.48
2022-03-22 08:36:00,3019.47,3020.86,3018.32,3019.59,5377.3884,3019.59
2022-03-22 08:37:00,3019.81,3020,3016.04,3016.44,2057.4425,3016.44
2022-03-22 08:38:00,3016.44,3018.36,3014.71,3014.72,2152.5793,3014.72
2022-03-22 08:39:00,3014.95,3015.1,3012.34,3013.78,1958.84,3013.78
2022-03-22 08:40:00,3013.78,3013.82,3012.36,3013.23,1660.4477,3013.23
2022-03-22 08:41:00,3013.23,3018.53,3013.23,3018.53,1445.1289,3018.53
2022-03-22 08:42:00,3018.53,3019.76,3016.78,3017.6,1466.4915,3017.6
2022-03-22 08:43:00,3017.75,3020,3017.75,3019.24,1830.0785,3019.24
2022-03-22 08:44:00,3019.58,3019.58,3016.35,3018.45,1608.2849,3018.45
2022-03-22 08:45:00,3018.52,3018.52,3017.35,3017.61,2248.5096,3017.61
2022-03-22 08:46:00,3017.94,3019.78,3016.86,3019.09,1866.8466,3019.09
2022-03-22 08:47:00,3019.42,3019.42,3016.03,3016.03,1742.7837,3016.03
2022-03-22 08:48:00,3016,3016,3013,3014,1702.4134,3014
2022-03-22 08:49:00,3013.99,3015.8,3013.71,3013.77,4625.2186,3013.77
2022-03-22 08:50:00,3013.78,3013.99,3012.99,3013.46,2382.1939,3013.46
2022-03-22 08:51:00,3013.03,3018.96,3013.03,3018.05,2431.2218,3018.05
2022-03-22 08:52:00,3018.04,3018.96,3012.9,3012.9,2938.996,3012.9
2022-03-22 08:53:00,3013.15,3013.98,3011,3011,3955.4093,3011
2022-03-22 08:54:00,3011,3013.42,3009.99,3011.27,4248.1958,3011.27
2022-03-22 08:55:00,3011.28,3012,3008.79,3009.71,9783.3192,3009.71
2022-03-22 08:56:00,3009.83,3012.27,3009.06,3009.73,5679.4755,3009.73
2022-03-22 08:57:00,3009.73,3009.74,3007.36,3008.86,12163.2506,3008.86
2022-03-22 08:58:00,3009.01,3009.01,3006.39,3006.7,3991.9978,3006.7
2022-03-22 08:59:00,3006.7,3008.69,3004.67,3007.41,6899.2782,3007.41
2022-03-22 09:00:00,3007.65,3013.96,3007.65,3012.68,3190.9638,3012.68
2022-03-22 09:01:00,3012.69,3015,3012,3013.04,4109.2956,3013.04
2022-03-22 09:02:00,3012.86,3013.34,3008.71,3008.71,22315.0687,3008.71
2022-03-22 09:03:00,3008.85,3016.65,3008.54,3013.33,28292.4547,3013.33
2022-03-22 09:04:00,3013.23,3015.39,3012.46,3013.4,22915.3895,3013.4
2022-03-22 09:05:00,3013.63,3013.63,3011.14,3012.26,18862.5734,3012.26
2022-03-22 09:06:00,3012.01,3013.15,3010.26,3012.93,11779.1318,3012.93
2022-03-22 09:07:00,3012.72,3014.21,3012.71,3013.02,5651.7521,3013.02
2022-03-22 09:08:00,3013.19,3013.19,3009.26,3009.5,3842.3583,3009.5
2022-03-22 09:09:00,3009.52,3010.94,3009.52,3009.78,5025.7987,3009.78
2022-03-22 09:10:00,3009.77,3011.58,3008.54,3010.62,6261.1639,3010.62
2022-03-22 09:11:00,3010.76,3012.45,3010.03,3012.43,3958.5035,3012.43
2022-03-22 09:12:00,3012.41,3014.99,3012.4,3014.83,3866.3492,3014.83
2022-03-22 09:13:00,3014.81,3014.81,3013.23,3013.24,4307.6259,3013.24
2022-03-22 09:14:00,3013.24,3016,3013.24,3015.99,3132.2812,3015.99
2022-03-22 09:15:00,3015.81,3016,3012.61,3013.28,5858.5685,3013.28
2022-03-22 09:16:00,3013.53,3014.22,3012.44,3012.82,6485.5605,3012.82
2022-03-22 09:17:00,3012.81,3013.09,3010.96,3011.14,2810.0545,3011.14
2022-03-22 09:18:00,3011.14,3014.25,3010.5,3013.14,11170.4555,3013.14
2022-03-22 09:19:00,3013.14,3015.01,3013.14,3013.53,3273.3915,3013.53
2022-03-22 09:20:00,3013.53,3015.57,3013.53,3015.53,2312.3267,3015.53
2022-03-22 09:21:00,3015.54,3015.93,3012.02,3013.68,1849.4677,3013.68
2022-03-22 09:22:00,3013.68,3013.95,3011.9,3012.5,1717.7373,3012.5
2022-03-22 09:23:00,3012.71,3013.16,3011.86,3012.24,2022.9809,3012.24
2022-03-22 09:24:00,3012.24,3014.02,3011.73,3013.4,905.422,3013.4
2022-03-22 09:25:00,3013.63,3015,3013.06,3015,1255.2256,3015
2022-03-22 09:26:00,3015,3028,3015,3027.99,2584.3409,3027.99
2022-03-22 09:27:00,3028,3050,3026.2,3048.52,1761.6074,3048.52
2022-03-22 09:28:00,3048.21,3054.76,3043.74,3045.9,1090.5336,3045.9
2022-03-22 09:29:00,3045.61,3046.23,3037.58,3038.03,799.1956,3038.03
2022-03-22 09:30:00,3037.87,3039.99,3030.74,3039.35,724.6956,3039.35
2022-03-22 09:31:00,3039.35,3044.41,3038.04,3038.09,2409.5451,3038.09
2022-03-22 09:32:00,3038.06,3039.35,3037.47,3038.71,1248.1772,3038.71
2022-03-22 09:33:00,3038.85,3039.99,3038.02,3039.16,1274.0153,3039.16
2022-03-22 09:34:00,3039.12,3045.61,3039,3044.06,1455.1991,3044.06
2022-03-22 09:35:00,3044.05,3044.22,3036.86,3038.33,1957.3549,3038.33
2022-03-22 09:36:00,3038.33,3042.72,3036.36,3042.17,1340.4331,3042.17
2022-03-22 09:37:00,3042.18,3045.5,3040.93,3045.5,931.2666,3045.5
2022-03-22 09:38:00,3045.53,3047.85,3043.21,3046.98,1316.6351,3046.98
2022-03-22 09:39:00,3046.98,3046.98,3043.57,3043.72,2499.7543,3043.72
2022-03-22 09:40:00,3043.9,3045.42,3043.68,3045.05,1226.2304,3045.05
2022-03-22 09:41:00,3044.97,3044.97,3039.2,3040,2059.488,3040
2022-03-22 09:42:00,3040,3040,3033.33,3033.34,991.3883,3033.34
2022-03-22 09:43:00,3033.33,3036.77,3033.09,3035.98,1895.1546,3035.98
2022-03-22 09:44:00,3035.98,3037.12,3030,3032.06,1541.4249,3032.06
2022-03-22 09:45:00,3032.07,3034.45,3029.89,3034.45,1038.4354,3034.45
2022-03-22 09:46:00,3034.45,3035.59,3033.98,3035.02,857.1588,3035.02
2022-03-22 09:47:00,3035.01,3035.01,3029.61,3029.95,768.493,3029.95
2022-03-22 09:48:00,3029.61,3030.78,3029.6,3030.26,1661.5945,3030.26
2022-03-22 09:49:00,3030.28,3033.19,3030.27,3031.2,3670.8355,3031.2
2022-03-22 09:50:00,3031.47,3033,3030.41,3030.79,2784.7507,3030.79
2022-03-22 09:51:00,3030.78,3032.46,3030.23,3031.75,10487.0565,3031.75
2022-03-22 09:52:00,3031.75,3032.8,3030.23,3031.9,2252.0591,3031.9
2022-03-22 09:53:00,3032.04,3032.73,3031.54,3032.58,4909.7101,3032.58
2022-03-22 09:54:00,3032.58,3032.98,3030.76,3030.99,2602.0376,3030.99
2022-03-22 09:55:00,3030.99,3034.48,3030.48,3031.91,2451.6586,3031.91
2022-03-22 09:56:00,3031.7,3031.7,3024.78,3026.05,1196.9664,3026.05
2022-03-22 09:57:00,3026.05,3027.74,3023.65,3027.74,872.7399,3027.74
2022-03-22 09:58:00,3027.93,3030.06,3026.2,3026.99,952.5944,3026.99
2022-03-22 09:59:00,3026.8,3029.82,3026.8,3028.71,1171.1031,3028.71
2022-03-22 10:00:00,3028.9,3031.14,3027.8,3028.53,1471.7642,3028.53
2022-03-22 10:01:00,3028.53,3029.99,3027.21,3028.33,2234.8276,3028.33
2022-03-22 10:02:00,3028.33,3029.99,3027.9,3028.87,1161.6174,3028.87
2022-03-22 10:03:00,3028.87,3032,3028.19,3031.66,1568.896,3031.66
2022-03-22 10:04:00,3031.67,3032.73,3031.38,3032.31,2596.0128,3032.31
2022-03-22 10:05:00,3032.31,3032.91,3031.45,3031.49,1359.3552,3031.49
2022-03-22 10:06:00,3031.49,3031.49,3028.33,3029.65,1259.6038,3029.65
2022-03-22 10:07:00,3029.65,3029.99,3028.7,3028.7,2682.0626,3028.7
2022-03-22 10:08:00,3028.69,3029.53,3027.35,3028.17,2128.0007,3028.17
2022-03-22 10:09:00,3028.17,3029.48,3028.17,3029.11,1456.792,3029.11
2022-03-22 10:10:00,3028.94,3029.04,3026.2,3026.51,1769.9128,3026.51
2022-03-22 10:11:00,3026.49,3026.49,3024.01,3024.03,2829.1692,3024.03
2022-03-22 10:12:00,3024.37,3024.83,3021.96,3021.96,5795.3386,3021.96
2022-03-22 10:13:00,3021.97,3021.97,3020.43,3020.81,2732.572,3020.81
2022-03-22 10:14:00,3020.87,3020.87,3017.89,3017.99,5479.8252,3017.99
2022-03-22 10:15:00,3018,3022.71,3018,3022.19,13686.5879,3022.19
2022-03-22 10:16:00,3021.94,3021.94,3018.33,3018.64,7844.1589,3018.64
2022-03-22 10:17:00,3018.36,3020.29,3016.46,3018.23,9896.2521,3018.23
2022-03-22 10:18:00,3018.09,3018.17,3015.97,3016.43,6320.234,3016.43
2022-03-22 10:19:00,3016.43,3023.09,3016.33,3021.78,4592.0184,3021.78
2022-03-22 10:20:00,3022.02,3023.74,3021.04,3021.36,3357.2254,3021.36
2022-03-22 10:21:00,3021.6,3022.99,3020.17,3020.5,3221.4712,3020.5
2022-03-22 10:22:00,3020.49,3020.8,3018.42,3018.45,2578.7102,3018.45
2022-03-22 10:23:00,3018.44,3020.76,3017.76,3020.27,5027.0829,3020.27
2022-03-22 10:24:00,3020.75,3020.75,3020,3020.47,2884.8393,3020.47
2022-03-22 10:25:00,3020.47,3020.54,3019.65,3019.99,4134.0789,3019.99
2022-03-22 10:26:00,3019.99,3020.67,3019.09,3020.27,2932.9934,3020.27
2022-03-22 10:27:00,3020.25,3020.26,3017.09,3017.09,3543.9283,3017.09
2022-03-22 10:28:00,3017.68,3020.9,3017.59,3020.67,7329.6998,3020.67
2022-03-22 10:29:00,3020.67,3026.71,3020.67,3026.25,4851.7169,3026.25
2022-03-22 10:30:00,3026.09,3028.95,3026.09,3028.79,2301.3017,3028.79
2022-03-22 10:31:00,3028.67,3028.91,3027.02,3027.02,4210.9125,3027.02
2022-03-22 10:32:00,3027.09,3027.72,3025.46,3027.37,4003.9425,3027.37
2022-03-22 10:33:00,3027.38,3027.38,3024.4,3026,2680.4415,3026
2022-03-22 10:34:00,3026,3027.51,3026,3026.1,2645.7503,3026.1
2022-03-22 10:35:00,3026.09,3027.12,3025.8,3026.46,2680.6753,3026.46
2022-03-22 10:36:00,3026.38,3026.38,3022.65,3023.43,3271.1694,3023.43
2022-03-22 10:37:00,3023.44,3026.47,3023.44,3024.02,2871.9546,3024.02
2022-03-22 10:38:00,3024.02,3024.18,3022.53,3023.5,1445.6069,3023.5
2022-03-22 10:39:00,3023.5,3024.22,3021.18,3021.94,7893.4572,3021.94
2022-03-22 10:40:00,3021.94,3021.94,3018.03,3019.59,5783.9002,3019.59
2022-03-22 10:41:00,3019.57,3020.67,3018.62,3020.66,2456.8828,3020.66
2022-03-22 10:42:00,3020.66,3020.67,3015.4,3015.4,1683.3702,3015.4
2022-03-22 10:43:00,3015.4,3016.77,3014.91,3016.46,7273.4501,3016.46
2022-03-22 10:44:00,3016.32,3017.06,3015.96,3016.49,1260.7402,3016.49
2022-03-22 10:45:00,3016.49,3019,3016.49,3019,1258.1952,3019
2022-03-22 10:46:00,3019,3019,3014.29,3014.66,1338.4861,3014.66
2022-03-22 10:47:00,3014.8,3015.79,3013.92,3014.51,1292.1096,3014.51
2022-03-22 10:48:00,3014.5,3014.57,3013.91,3013.99,1954.3644,3013.99
2022-03-22 10:49:00,3014,3016.35,3014,3015.75,3504.8909,3015.75
2022-03-22 10:50:00,3015.75,3016.33,3015.51,3016.3,3960.4712,3016.3
2022-03-22 10:51:00,3016.3,3017.88,3015.99,3015.99,1777.9247,3015.99
2022-03-22 10:52:00,3015.99,3016,3014.74,3014.74,1234.4533,3014.74
2022-03-22 10:53:00,3014.75,3014.99,3012.54,3013.15,2853.3508,3013.15
2022-03-22 10:54:00,3013.15,3017.09,3012.69,3016.13,5370.146,3016.13
2022-03-22 10:55:00,3016.13,3016.91,3015.94,3016.77,1719.9058,3016.77
2022-03-22 10:56:00,3017.02,3017.02,3014.12,3014.12,4498.2597,3014.12
2022-03-22 10:57:00,3014.01,3015.76,3014,3015.34,4343.4025,3015.34
2022-03-22 10:58:00,3015.33,3015.96,3014.61,3015.6,1610.2717,3015.6
2022-03-22 10:59:00,3015.6,3015.69,3014.01,3014.02,9464.541,3014.02
2022-03-22 11:00:00,3014.01,3014.31,3012.93,3013.17,4242.3913,3013.17
2022-03-22 11:01:00,3013.16,3013.19,2981,2989.41,1584.8681,2989.41
2022-03-22 11:02:00,2989.4,2989.8,2982.77,2987.65,1742.5715,2987.65
2022-03-22 11:03:00,2987.08,2994.16,2985.01,2990.9,3589.7229,2990.9
2022-03-22 11:04:00,2990.9,2995.08,2990.26,2992.01,1406.1691,2992.01
2022-03-22 11:05:00,2992.45,2993.86,2990,2990.51,1118.1691,2990.51
2022-03-22 11:06:00,2990.51,2991.61,2982.56,2985.42,1214.7697,2985.42
2022-03-22 11:07:00,2985.42,2985.42,2967.64,2984.17,9539.8888,2984.17
2022-03-22 11:08:00,2984.45,2987.9,2977.57,2987.9,28363.718,2987.9
2022-03-22 11:09:00,2987.89,2989.41,2984.01,2984.77,8468.2681,2984.77
2022-03-22 11:10:00,2984.82,2986.09,2983.03,2984.16,4409.9735,2984.16
2022-03-22 11:11:00,2984.43,2987.63,2983.81,2987.18,15849.6304,2987.18
2022-03-22 11:12:00,2986.83,2990.15,2985.45,2987.71,15695.5913,2987.71
2022-03-22 11:13:00,2987.71,2990.97,2987.7,2990.97,5101.7007,2990.97
2022-03-22 11:14:00,2990.97,2993,2989.08,2990.57,5771.7796,2990.57
2022-03-22 11:15:00,2990.58,2991.9,2990.3,2991.44,3218.7648,2991.44
2022-03-22 11:16:00,2991.44,2991.44,2983,2985.12,3272.3408,2985.12
2022-03-22 11:17:00,2985.18,2986.66,2983.83,2986.02,3583.841,2986.02
2022-03-22 11:18:00,2986.02,2988.76,2986.02,2988.65,2431.4837,2988.65
2022-03-22 11:19:00,2988.84,2991.56,2988.66,2989.38,2372.0148,2989.38
2022-03-22 11:20:00,2989.37,2992.37,2989.03,2989.27,8368.1282,2989.27
2022-03-22 11:21:00,2989,2990.98,2986.45,2989,3419.0703,2989
2022-03-22 11:22:00,2988.99,2992.84,2988.99,2990.92,12738.2137,2990.92
2022-03-22 11:23:00,2990.82,2990.85,2989.62,2990.01,7500.4998,2990.01
2022-03-22 11:24:00,2990,2990,2985,2987.1,6849.9636,2987.1
2022-03-22 11:25:00,2987.28,2987.36,2980,2982.45,4196.2152,2982.45
2022-03-22 11:26:00,2982.68,2984.7,2977.63,2979.24,3700.7399,2979.24
2022-03-22 11:27:00,2979.06,2982.96,2977.5,2982.68,4070.5396,2982.68
2022-03-22 11:28:00,2982.68,2982.68,2978.01,2978.63,3187.6211,2978.63
2022-03-22 11:29:00,2978.64,2983.07,2978.64,2981.98,3189.3397,2981.98
2022-03-22 11:30:00,2981.4,2984.77,2980.6,2982.1,3059.1428,2982.1
2022-03-22 11:31:00,2982.1,2982.29,2981.24,2982.29,2262.6269,2982.29
2022-03-22 11:32:00,2982.11,2986.47,2980.61,2985.9,5217.2942,2985.9
2022-03-22 11:33:00,2985.9,2985.9,2983.01,2984.18,4490.9555,2984.18
2022-03-22 11:34:00,2984.18,2984.97,2984.18,2984.84,2223.2664,2984.84
2022-03-22 11:35:00,2984.83,2988.88,2984.83,2988.47,2623.2384,2988.47
2022-03-22 11:36:00,2988.84,2988.92,2988.01,2988.87,3066.1511,2988.87
2022-03-22 11:37:00,2988.91,2989.36,2988.87,2989.36,2190.1602,2989.36
2022-03-22 11:38:00,2989.36,2991.29,2987.3,2988.16,2364.4173,2988.16
2022-03-22 11:39:00,2988.16,2990.22,2988.16,2990.22,2466.011,2990.22
2022-03-22 11:40:00,2990.09,2991.53,2990.09,2991.42,2454.4266,2991.42
2022-03-22 11:41:00,2991.42,2994.17,2991.3,2992.94,3194.3715,2992.94
2022-03-22 11:42:00,2992.93,2994.6,2992.35,2992.44,5266.6307,2992.44
2022-03-22 11:43:00,2992.7,2992.92,2988.29,2989.56,5719.4463,2989.56
2022-03-22 11:44:00,2989.43,2989.43,2983.3,2985.91,7100.5539,2985.91
2022-03-22 11:45:00,2985.91,2988,2983.35,2988,12045.7653,2988
2022-03-22 11:46:00,2988.6,2990.77,2988.01,2988.23,5949.1181,2988.23
2022-03-22 11:47:00,2988.17,2989.47,2987.77,2988.32,5966.9238,2988.32
2022-03-22 11:48:00,2988.23,2988.23,2983.91,2984.18,2515.5262,2984.18
2022-03-22 11:49:00,2984.18,2985.8,2982.32,2984.36,2345.6661,2984.36
2022-03-22 11:50:00,2984.65,2985.85,2980.4,2982.26,2621.2423,2982.26
2022-03-22 11:51:00,2981.67,2983.1,2980.28,2980.28,2838.291,2980.28
2022-03-22 11:52:00,2980.26,2980.26,2974.54,2976.29,2067.1796,2976.29
2022-03-22 11:53:00,2976.84,2978.5,2974.72,2978.42,3617.6292,2978.42
2022-03-22 11:54:00,2978.43,2980.39,2978.43,2980.38,2478.8597,2980.38
2022-03-22 11:55:00,2980.39,2981.24,2979.16,2980.25,3184.7938,2980.25
2022-03-22 11:56:00,2980.26,2980.81,2978.04,2978.91,3916.8986,2978.91
2022-03-22 11:57:00,2978.83,2982.85,2978.83,2982.65,3363.558,2982.65
2022-03-22 11:58:00,2982.56,2982.56,2980.87,2981.67,2882.6236,2981.67
2022-03-22 11:59:00,2981.67,2985,2981.1,2985,8568.7957,2985
2022-03-22 12:00:00,2985,2987.32,2984.73,2985.22,8851.4206,2985.22
2022-03-22 12:01:00,2985.22,2987.9,2984.57,2985.66,8454.4771,2985.66
2022-03-22 12:02:00,2985.56,2985.56,2983.66,2984.76,3123.141,2984.76
2022-03-22 12:03:00,2984.66,2988.59,2984.66,2988.02,7290.5041,2988.02
2022-03-22 12:04:00,2988.02,2988.61,2985.36,2985.8,4919.2257,2985.8
2022-03-22 12:05:00,2985.86,2986.78,2983.46,2983.46,16328.7811,2983.46
2022-03-22 12:06:00,2983.62,2990,2983.62,2989.07,11825.9895,2989.07
2022-03-22 12:07:00,2988.22,2990.14,2988.21,2989.45,17500.1599,2989.45
2022-03-22 12:08:00,2989.45,2991.21,2989.45,2990.17,6566.2445,2990.17
2022-03-22 12:09:00,2990.18,2990.38,2987.25,2987.25,9390.3436,2987.25
2022-03-22 12:10:00,2987.34,2990.7,2987.34,2988.21,7605.223,2988.21
2022-03-22 12:11:00,2988.39,2990.04,2988,2989.44,8202.7939,2989.44
2022-03-22 12:12:00,2989.45,2989.91,2988.3,2988.91,11809.706,2988.91
2022-03-22 12:13:00,2988.91,2990,2988.91,2989.62,7403.5323,2989.62
2022-03-22 12:14:00,2989.63,2990.66,2988.81,2990.28,4480.6947,2990.28
2022-03-22 12:15:00,2990.17,2990.94,2990.17,2990.41,12942.3643,2990.41
2022-03-22 12:16:00,2990.28,2994.4,2990.18,2994.4,4781.5836,2994.4
2022-03-22 12:17:00,2994.45,2997.19,2993.01,2995.3,5500.0629,2995.3
2022-03-22 12:18:00,2995.29,2995.29,2992.23,2992.23,7468.8285,2992.23
2022-03-22 12:19:00,2992.22,2994.18,2992.02,2992.92,6792.7461,2992.92
2022-03-22 12:20:00,2992.68,2992.68,2988.76,2992.17,3693.157,2992.17
2022-03-22 12:21:00,2992.18,2995.56,2992.18,2995.28,5825.1239,2995.28
2022-03-22 12:22:00,2995.28,2995.76,2993.65,2994.87,5128.0757,2994.87
2022-03-22 12:23:00,2994.87,2997.25,2994.11,2997.25,14467.9737,2997.25
2022-03-22 12:24:00,2997.2,2997.2,2991.27,2991.41,7765.9243,2991.41
2022-03-22 12:25:00,2991.41,2991.94,2990.57,2991.41,9049.6366,2991.41
2022-03-22 12:26:00,2991.48,2991.79,2988.75,2990.38,4986.9513,2990.38
2022-03-22 12:27:00,2990.48,2990.95,2987.82,2990.44,3810.0097,2990.44
2022-03-22 12:28:00,2990.45,2991.29,2989.65,2991.15,7041.6292,2991.15
2022-03-22 12:29:00,2991.02,2991.42,2989.37,2990.65,34873.7744,2990.65
2022-03-22 12:30:00,2990.65,2992.27,2990.65,2991.74,12644.0529,2991.74
2022-03-22 12:31:00,2991.74,2994.23,2991.13,2993.58,13241.0012,2993.58
2022-03-22 12:32:00,2993.58,2993.59,2992.04,2992.47,9146.6377,2992.47
2022-03-22 12:33:00,2992.47,2992.47,2990.43,2990.65,6160.5135,2990.65
2022-03-22 12:34:00,2990.65,2992.6,2990.19,2992.51,5934.2501,2992.51
2022-03-22 12:35:00,2992.51,2993.48,2991.55,2993.28,5221.8932,2993.28
2022-03-22 12:36:00,2993.28,2993.28,2992.25,2992.85,11736.8711,2992.85
2022-03-22 12:37:00,2992.86,2992.98,2992.85,2992.85,5423.6703,2992.85
2022-03-22 12:38:00,2992.85,2994.24,2992.85,2993.76,4541.216,2993.76
2022-03-22 12:39:00,2993.76,2994.92,2993.76,2994.46,6275.9248,2994.46
2022-03-22 12:40:00,2994.46,2994.46,2992.33,2992.33,5824.7573,2992.33
2022-03-22 12:41:00,2992.33,2993.36,2992.33,2993.21,4379.4798,2993.21
2022-03-22 12:42:00,2993.21,2993.99,2992.45,2993.24,8104.1696,2993.24
2022-03-22 12:43:00,2993.14,2994.55,2992.66,2994.55,3995.1517,2994.55
2022-03-22 12:44:00,2994.55,2995.87,2994.23,2995.53,4068.122,2995.53
2022-03-22 12:45:00,2995.53,2995.97,2994.95,2995.96,6665.4837,2995.96
2022-03-22 12:46:00,2995.96,2996.07,2993.71,2995.11,5906.5338,2995.11
2022-03-22 12:47:00,2995.04,2995.99,2994.82,2995.8,8529.8013,2995.8
2022-03-22 12:48:00,2995.37,2995.43,2993.57,2993.7,5533.2169,2993.7
2022-03-22 12:49:00,2993.69,2993.69,2990.98,2990.98,4216.1586,2990.98
2022-03-22 12:50:00,2990.99,2991.73,2990.16,2991.73,3547.2366,2991.73
2022-03-22 12:51:00,2991.72,2993.99,2990.82,2991.22,11393.3832,2991.22
2022-03-22 12:52:00,2991.21,2994.91,2990.46,2994.91,5931.8273,2994.91
2022-03-22 12:53:00,2994.98,2997.07,2994.57,2995.03,6162.179,2995.03
2022-03-22 12:54:00,2995.02,2995.02,2991.7,2991.93,2813.195,2991.93
2022-03-22 12:55:00,2991.7,2993.63,2991.09,2992.87,3174.7359,2992.87
2022-03-22 12:56:00,2992.91,2996.94,2992.91,2995.16,2423.7663,2995.16
2022-03-22 12:57:00,2995.17,2995.2,2994.23,2994.23,9926.611,2994.23
2022-03-22 12:58:00,2994,2995.81,2993.71,2994.49,11040.7109,2994.49
2022-03-22 12:59:00,2994.5,2995.68,2994.29,2994.4,3081.1867,2994.4
2022-03-22 13:00:00,2994.31,2998.56,2994.31,2996.98,2790.8976,2996.98
2022-03-22 13:01:00,2996.61,2997.6,2991.31,2994.13,2441.7059,2994.13
2022-03-22 13:02:00,2994.14,2994.99,2987.22,2988.42,3016.2803,2988.42
2022-03-22 13:03:00,2988.43,2990.98,2986.23,2990.98,9877.7175,2990.98
2022-03-22 13:04:00,2990.98,2995.51,2990.98,2994,4420.1373,2994
2022-03-22 13:05:00,2993.79,2995.42,2992.02,2995.21,2414.5327,2995.21
2022-03-22 13:06:00,2994.86,2996.82,2994.39,2996.81,2916.6575,2996.81
2022-03-22 13:07:00,2996.82,3001.46,2996.82,3000.03,4435.5226,3000.03
2022-03-22 13:08:00,3000.01,3003.27,2999.47,3003.27,3594.1264,3003.27
2022-03-22 13:09:00,3003.26,3003.26,2996,2996,5797.3321,2996
2022-03-22 13:10:00,2995.91,2999.59,2994.38,2999.14,2492.2586,2999.14
2022-03-22 13:11:00,2999.15,3008.08,2999.15,3008.08,4503.4257,3008.08
2022-03-22 13:12:00,3008.08,3008.86,3007.01,3008.86,8004.2573,3008.86
2022-03-22 13:13:00,3008.86,3012.4,3007.99,3010.76,7802.67,3010.76
2022-03-22 13:14:00,3010.88,3012.19,3008.42,3010.76,5014.1285,3010.76
2022-03-22 13:15:00,3010.77,3010.77,3006.68,3008.85,4204.2934,3008.85
2022-03-22 13:16:00,3009.46,3009.83,3006.73,3007.3,3371.2324,3007.3
2022-03-22 13:17:00,3007.3,3007.38,3005.35,3007.1,5760.5552,3007.1
2022-03-22 13:18:00,3007.1,3011.68,3007.1,3011.45,3875.2806,3011.45
2022-03-22 13:19:00,3011.45,3012.06,3007.03,3007.04,7067.7932,3007.04
2022-03-22 13:20:00,3007.04,3008.68,3006.88,3007.45,7055.6388,3007.45
2022-03-22 13:21:00,3007.93,3010.19,3006.45,3010,13563.3861,3010
2022-03-22 13:22:00,3010,3011.67,3009.78,3010.85,6894.9241,3010.85
2022-03-22 13:23:00,3010.99,3011.44,3010.11,3010.71,5005.8682,3010.71
2022-03-22 13:24:00,3010.71,3012.73,3010.47,3011.91,3579.5072,3011.91
2022-03-22 13:25:00,3011.76,3013.91,3011.27,3013.91,5060.4129,3013.91
2022-03-22 13:26:00,3013.91,3015.74,3013.35,3014.88,4853.5187,3014.88
2022-03-22 13:27:00,3014.89,3015.38,3012.56,3012.56,3832.7186,3012.56
2022-03-22 13:28:00,3012.55,3012.55,3010.41,3010.93,3694.8025,3010.93
2022-03-22 13:29:00,3011.02,3013.55,3011.01,3013.44,4590.1467,3013.44
2022-03-22 13:30:00,3013.53,3015.61,3013.25,3014.21,8166.0517,3014.21
2022-03-22 13:31:00,3014.21,3014.6,3013.87,3014.58,4098.3458,3014.58
2022-03-22 13:32:00,3014.58,3014.72,3013,3013.58,2848.6629,3013.58
2022-03-22 13:33:00,3013.58,3014.71,3013.01,3014.7,5950.2183,3014.7
2022-03-22 13:34:00,3014.71,3014.95,3012.36,3013.23,4739.4699,3013.23
2022-03-22 13:35:00,3013.23,3014.5,3012.67,3014.34,7071.4293,3014.34
2022-03-22 13:36:00,3014.34,3014.99,3014,3014.78,5218.8006,3014.78
2022-03-22 13:37:00,3014.79,3016.19,3014.79,3015.74,5018.54,3015.74
2022-03-22 13:38:00,3015.74,3018.03,3015.45,3017.68,3058.6383,3017.68
2022-03-22 13:39:00,3017.51,3017.82,3013.6,3014.69,6485.5038,3014.69
2022-03-22 13:40:00,3014.7,3015.96,3013.96,3015.45,4756.1599,3015.45
2022-03-22 13:41:00,3015.45,3019.4,3015.44,3018.73,5642.0321,3018.73
2022-03-22 13:42:00,3018.74,3024.26,3018,3023.81,4729.446,3023.81
2022-03-22 13:43:00,3023.82,3026.96,3019.17,3019.92,10814.915,3019.92
2022-03-22 13:44:00,3019.91,3020.99,3019.22,3019.92,4066.0767,3019.92
2022-03-22 13:45:00,3019.92,3020.73,3019.17,3020.65,16845.7824,3020.65
2022-03-22 13:46:00,3020.65,3022.98,3020.64,3021.63,15676.1849,3021.63
2022-03-22 13:47:00,3021.63,3024,3021.63,3023.43,7065.451,3023.43
2022-03-22 13:48:00,3023.42,3025.51,3022.48,3024.6,9055.2254,3024.6
2022-03-22 13:49:00,3024.27,3024.28,3021.03,3021.5,12979.6112,3021.5
2022-03-22 13:50:00,3021.5,3022.99,3017.51,3018.87,7884.8948,3018.87
2022-03-22 13:51:00,3018.87,3018.87,3015.19,3016.3,11885.7303,3016.3
2022-03-22 13:52:00,3015.98,3016.72,3014.08,3015.59,11300.2786,3015.59
2022-03-22 13:53:00,3015.59,3016,3014.54,3014.54,9439.1348,3014.54
2022-03-22 13:54:00,3014.51,3014.92,3011.01,3012.26,5603.7386,3012.26
2022-03-22 13:55:00,3012.26,3015,3010.42,3015,9942.5475,3015
2022-03-22 13:56:00,3014.99,3015,3011.21,3012.34,18949.8323,3012.34
2022-03-22 13:57:00,3012.35,3014.57,3012.35,3014.25,8770.2505,3014.25
2022-03-22 13:58:00,3014.24,3015,3012.93,3013.01,6751.2872,3013.01
2022-03-22 13:59:00,3013.4,3015.51,3013.4,3015.06,14952.0829,3015.06
2022-03-22 14:00:00,3015.06,3016.14,3015.06,3016.14,7184.7075,3016.14
2022-03-22 14:01:00,3016.25,3017.53,3016.25,3016.56,5913.2052,3016.56
2022-03-22 14:02:00,3016.56,3016.58,3013,3013.08,6964.5232,3013.08
2022-03-22 14:03:00,3013.02,3013.02,3009.28,3010.36,7947.0505,3010.36
2022-03-22 14:04:00,3010.35,3013.35,3009.81,3010.67,5271.2033,3010.67
2022-03-22 14:05:00,3010.68,3011.99,3010.68,3011.66,4358.809,3011.66
2022-03-22 14:06:00,3011.65,3011.86,3010.35,3010.35,3839.7068,3010.35
2022-03-22 14:07:00,3010.56,3012.47,3010,3012.4,4742.309,3012.4
2022-03-22 14:08:00,3012.39,3013.13,3012.39,3013.13,3162.4626,3013.13
2022-03-22 14:09:00,3013.41,3013.56,3010.65,3010.65,4746.0353,3010.65
2022-03-22 14:10:00,3010.73,3011,3009.68,3010.29,5377.3884,3010.29
2022-03-22 14:11:00,3010.26,3010.26,3007.8,3008.83,2057.4425,3008.83
2022-03-22 14:12:00,3008.72,3012.27,3007.8,3010.77,2152.5793,3010.77
2022-03-22 14:13:00,3010.59,3013.11,3010.5,3012.46,1958.84,3012.46
2022-03-22 14:14:00,3012.46,3015,3012.46,3015,1660.4477,3015
2022-03-22 14:15:00,3015,3015.54,3013,3013.28,1445.1289,3013.28
2022-03-22 14:16:00,3013.29,3013.29,3011.96,3011.96,1466.4915,3011.96
2022-03-22 14:17:00,3011.84,3014.91,3011.01,3013.45,1830.0785,3013.45
2022-03-22 14:18:00,3013.45,3014.28,3012.33,3014.28,1608.2849,3014.28
2022-03-22 14:19:00,3014.64,3014.88,3007.82,3010.06,2248.5096,3010.06
2022-03-22 14:20:00,3010.07,3011.3,3008,3008.01,1866.8466,3008.01
2022-03-22 14:21:00,3008,3009.95,3007.8,3008.97,1742.7837,3008.97
2022-03-22 14:22:00,3008.97,3008.97,3007.64,3007.64,1702.4134,3007.64
2022-03-22 14:23:00,3007.63,3009.5,3002.89,3009.5,4625.2186,3009.5
2022-03-22 14:24:00,3009.49,3010,3006.34,3006.34,2382.1939,3006.34
2022-03-22 14:25:00,3006.34,3006.93,3001.76,3004.23,2431.2218,3004.23
2022-03-22 14:26:00,3004.23,3004.23,3002.2,3003.62,2938.996,3003.62
2022-03-22 14:27:00,3003.62,3003.85,3003,3003.05,3955.4093,3003.05
2022-03-22 14:28:00,3003.03,3003.03,2999.83,3000,4248.1958,3000
2022-03-22 14:29:00,3000,3003.33,2999.81,3003.12,9783.3192,3003.12
2022-03-22 14:30:00,3002.98,3004.09,2998.01,3001.98,5679.4755,3001.98
2022-03-22 14:31:00,3001.92,3005.38,3001.92,3005.38,12163.2506,3005.38
2022-03-22 14:32:00,3005.38,3006.07,3005.37,3005.69,3991.9978,3005.69
2022-03-22 14:33:00,3005.69,3005.69,3003.18,3004.36,6899.2782,3004.36
2022-03-22 14:34:00,3004.36,3006.06,3004.2,3006.06,3190.9638,3006.06
2022-03-22 14:35:00,3006.06,3006.1,3005,3005.01,4109.2956,3005.01
2022-03-22 14:36:00,3005,3005.36,3003.58,3005.23,22315.0687,3005.23
2022-03-22 14:37:00,3005.16,3006.73,3005.1,3006.61,28292.4547,3006.61
2022-03-22 14:38:00,3006.61,3006.76,3005.53,3006.38,22915.3895,3006.38
2022-03-22 14:39:00,3006.38,3006.94,3006.38,3006.94,18862.5734,3006.94
2022-03-22 14:40:00,3006.93,3007.18,3006.86,3006.86,11779.1318,3006.86
2022-03-22 14:41:00,3006.86,3006.86,3006,3006.62,5651.7521,3006.62
2022-03-22 14:42:00,3006.56,3008.92,3006.56,3008.8,3842.3583,3008.8
2022-03-22 14:43:00,3008.8,3009.02,3008.04,3008.33,5025.7987,3008.33
2022-03-22 14:44:00,3008.44,3011.59,3008.43,3010.39,6261.1639,3010.39
2022-03-22 14:45:00,3010.39,3012.18,3010.39,3010.92,3958.5035,3010.92
2022-03-22 14:46:00,3010.93,3011.07,3010,3010.01,3866.3492,3010.01
2022-03-22 14:47:00,3010,3010,3007.9,3008.03,4307.6259,3008.03
2022-03-22 14:48:00,3008.02,3010.44,3008.02,3009.01,3132.2812,3009.01
2022-03-22 14:49:00,3009.01,3010.45,3008.95,3008.95,5858.5685,3008.95
2022-03-22 14:50:00,3009.49,3010.15,3008.81,3010.14,6485.5605,3010.14
2022-03-22 14:51:00,3010.15,3010.46,3009.89,3009.99,2810.0545,3009.99
2022-03-22 14:52:00,3010.1,3011.17,3010.1,3011.17,11170.4555,3011.17
2022-03-22 14:53:00,3011.34,3011.34,3009.65,3009.65,3273.3915,3009.65
2022-03-22 14:54:00,3009.65,3010.66,3008.68,3010.41,2312.3267,3010.41
2022-03-22 14:55:00,3010.42,3012.24,3010.34,3011.45,1849.4677,3011.45
2022-03-22 14:56:00,3011.22,3011.22,3005.01,3006.06,1717.7373,3006.06
2022-03-22 14:57:00,3006.18,3007.87,3006.18,3006.4,2022.9809,3006.4
2022-03-22 14:58:00,3006.39,3007.05,3006,3006.68,905.422,3006.68
2022-03-22 14:59:00,3006.7,3007.5,3006.2,3007.15,1255.2256,3007.15
2022-03-22 15:00:00,3007.02,3007.81,3006.46,3006.46,2584.3409,3006.46
2022-03-22 15:01:00,3006.59,3006.99,3006,3006.35,1761.6074,3006.35
2022-03-22 15:02:00,3006.43,3006.64,3002.85,3005.84,1090.5336,3005.84
2022-03-22 15:03:00,3005.66,3005.67,3004.5,3004.5,799.1956,3004.5
2022-03-22 15:04:00,3004.51,3005.94,3003.85,3005.21,724.6956,3005.21
2022-03-22 15:05:00,3005.21,3005.21,3002.29,3002.3,2409.5451,3002.3
2022-03-22 15:06:00,3002.29,3002.3,3001.51,3001.88,1248.1772,3001.88
2022-03-22 15:07:00,3001.74,3005.86,3001.74,3005.86,1274.0153,3005.86
2022-03-22 15:08:00,3005.86,3006.57,3004.97,3004.97,1455.1991,3004.97
2022-03-22 15:09:00,3004.97,3005.28,3004.26,3005.14,1957.3549,3005.14
2022-03-22 15:10:00,3005.13,3005.13,3002,3002,1340.4331,3002
2022-03-22 15:11:00,3002,3006.86,3002,3006.85,931.2666,3006.85
2022-03-22 15:12:00,3006.86,3009.9,3006.85,3009.71,1316.6351,3009.71
2022-03-22 15:13:00,3009.72,3009.72,3007.44,3009.31,2499.7543,3009.31
2022-03-22 15:14:00,3009.39,3009.98,3008.41,3009.78,1226.2304,3009.78
2022-03-22 15:15:00,3009.78,3009.95,3008.07,3009.65,2059.488,3009.65
2022-03-22 15:16:00,3009.66,3009.67,3008.01,3008.53,991.3883,3008.53
2022-03-22 15:17:00,3008.53,3009.4,3008.29,3008.43,1895.1546,3008.43
2022-03-22 15:18:00,3008.42,3008.42,3001.74,3004.96,1541.4249,3004.96
2022-03-22 15:19:00,3004.97,3008.47,3004.97,3008.3,1038.4354,3008.3
2022-03-22 15:20:00,3008.3,3011.87,3007.72,3011.87,857.1588,3011.87
2022-03-22 15:21:00,3011.87,3013.5,3011.75,3013.07,768.493,3013.07
2022-03-22 15:22:00,3013.04,3013.04,3011.54,3011.83,1661.5945,3011.83
2022-03-22 15:23:00,3011.83,3013.96,3011.81,3013.46,3670.8355,3013.46
2022-03-22 15:24:00,3013.34,3017.03,3009.6,3011.54,2784.7507,3011.54
2022-03-22 15:25:00,3011.7,3013.71,3010.21,3011.45,10487.0565,3011.45
2022-03-22 15:26:00,3011.44,3011.45,3009.28,3009.46,2252.0591,3009.46
2022-03-22 15:27:00,3009.47,3010.22,3008.16,3010.1,4909.7101,3010.1
2022-03-22 15:28:00,3009.86,3011.64,3009.86,3011.6,2602.0376,3011.6
2022-03-22 15:29:00,3011.61,3013.24,3011.61,3012.96,2451.6586,3012.96
2022-03-22 15:30:00,3012.88,3015.58,3012.85,3014.08,1196.9664,3014.08
2022-03-22 15:31:00,3014.08,3016.77,3013.5,3014.75,872.7399,3014.75
2022-03-22 15:32:00,3014.66,3015.43,3014.4,3014.55,952.5944,3014.55
2022-03-22 15:33:00,3014.42,3018,3013.52,3017.43,1171.1031,3017.43
2022-03-22 15:34:00,3017.43,3018.59,3015,3018.42,1471.7642,3018.42
2022-03-22 15:35:00,3018.55,3019.71,3016.69,3017.02,2234.8276,3017.02
2022-03-22 15:36:00,3017.22,3018.99,3017.21,3018.72,1161.6174,3018.72
2022-03-22 15:37:00,3018.72,3018.72,3017.15,3017.15,1568.896,3017.15
2022-03-22 15:38:00,3017.1,3017.93,3016.01,3017.91,2596.0128,3017.91
2022-03-22 15:39:00,3017.92,3017.92,3015.7,3015.94,1359.3552,3015.94
2022-03-22 15:40:00,3015.94,3018.94,3015.94,3018.94,1259.6038,3018.94
2022-03-22 15:41:00,3018.6,3018.87,3016.29,3016.58,2682.0626,3016.58
2022-03-22 15:42:00,3016.72,3021,3016.72,3019.35,2128.0007,3019.35
2022-03-22 15:43:00,3019.14,3019.14,3017.92,3018.49,1456.792,3018.49
2022-03-22 15:44:00,3018.5,3019.76,3018.5,3019.76,1769.9128,3019.76
2022-03-22 15:45:00,3019.98,3020.95,3018,3018.45,2829.1692,3018.45
2022-03-22 15:46:00,3018.7,3019.92,3017.57,3017.63,5795.3386,3017.63
2022-03-22 15:47:00,3017.64,3019.14,3017.01,3019.14,2732.572,3019.14
2022-03-22 15:48:00,3019.14,3020.65,3018.22,3020.65,5479.8252,3020.65
2022-03-22 15:49:00,3020.9,3021.78,3019,3021.72,13686.5879,3021.72
2022-03-22 15:50:00,3021.71,3022.39,3020.58,3020.58,7844.1589,3020.58
2022-03-22 15:51:00,3020.55,3021.42,3019.44,3019.52,9896.2521,3019.52
2022-03-22 15:52:00,3019.5,3019.7,3017.29,3018.39,6320.234,3018.39
2022-03-22 15:53:00,3018.24,3019.62,3017.76,3017.76,4592.0184,3017.76
2022-03-22 15:54:00,3018.1,3020.14,3017.73,3019.43,3357.2254,3019.43
2022-03-22 15:55:00,3019.43,3021.39,3019.43,3020.78,3221.4712,3020.78
2022-03-22 15:56:00,3020.79,3022,3020.28,3022,2578.7102,3022
2022-03-22 15:57:00,3022,3022.04,3020,3020,5027.0829,3020
2022-03-22 15:58:00,3020.01,3020.28,3019,3019.38,2884.8393,3019.38
2022-03-22 15:59:00,3019.38,3020.7,3019.16,3020.5,4134.0789,3020.5
2022-03-22 16:00:00,3020.5,3022,3020.43,3020.43,2932.9934,3020.43
2022-03-22 16:01:00,3020.43,3020.43,3018.17,3018.17,3543.9283,3018.17
2022-03-22 16:02:00,3018.16,3018.29,3017.02,3017.47,7329.6998,3017.47
2022-03-22 16:03:00,3017.47,3018.2,3016,3016,4851.7169,3016
2022-03-22 16:04:00,3016,3017.54,3015.1,3017.43,2301.3017,3017.43
2022-03-22 16:05:00,3017.44,3018.99,3017.32,3018.11,4210.9125,3018.11
2022-03-22 16:06:00,3018.25,3022.57,3018.25,3022.19,4003.9425,3022.19
2022-03-22 16:07:00,3022,3023.97,3021.72,3023.97,2680.4415,3023.97
2022-03-22 16:08:00,3023.97,3025.3,3022.29,3023,2645.7503,3023
2022-03-22 16:09:00,3023.24,3024.99,3023.24,3024.1,2680.6753,3024.1
2022-03-22 16:10:00,3024.09,3025,3023.01,3025,3271.1694,3025
2022-03-22 16:11:00,3025,3025.51,3024.71,3025.51,2871.9546,3025.51
2022-03-22 16:12:00,3025.51,3027.4,3024.86,3024.87,1445.6069,3024.87
2022-03-22 16:13:00,3024.86,3026.37,3024.86,3025.99,7893.4572,3025.99
2022-03-22 16:14:00,3026,3026.25,3024.71,3025.93,5783.9002,3025.93
2022-03-22 16:15:00,3025.92,3026.33,3024.72,3025.77,2456.8828,3025.77
2022-03-22 16:16:00,3025.77,3025.77,3024.66,3024.67,1683.3702,3024.67
2022-03-22 16:17:00,3024.67,3024.77,3023.63,3024.76,7273.4501,3024.76
2022-03-22 16:18:00,3024.76,3024.91,3023.26,3023.26,1260.7402,3023.26
2022-03-22 16:19:00,3023.26,3023.26,3021.79,3022.44,1258.1952,3022.44
2022-03-22 16:20:00,3022.44,3023.37,3021.3,3023.37,1338.4861,3023.37
2022-03-22 16:21:00,3023.37,3024.04,3023.37,3024.04,1292.1096,3024.04
2022-03-22 16:22:00,3024.04,3025.35,3023.68,3024.16,1954.3644,3024.16
2022-03-22 16:23:00,3024.26,3024.29,3021.84,3021.87,3504.8909,3021.87
2022-03-22 16:24:00,3021.87,3022.64,3021.84,3022.58,3960.4712,3022.58
2022-03-22 16:25:00,3022.64,3023.57,3022.03,3023.4,1777.9247,3023.4
2022-03-22 16:26:00,3023.24,3023.58,3022.26,3022.54,1234.4533,3022.54
2022-03-22 16:27:00,3022.53,3022.67,3021,3021,2853.3508,3021
2022-03-22 16:28:00,3020.99,3021.56,3020.45,3021.56,5370.146,3021.56
2022-03-22 16:29:00,3021.57,3025,3021.56,3024.58,1719.9058,3024.58
2022-03-22 16:30:00,3024.59,3026.7,3023.51,3023.69,4498.2597,3023.69
2022-03-22 16:31:00,3023.96,3023.96,3018.03,3019,4343.4025,3019
2022-03-22 16:32:00,3019.01,3020.5,3018.24,3018.25,1610.2717,3018.25
2022-03-22 16:33:00,3018.45,3018.47,3015,3015,9464.541,3015
2022-03-22 16:34:00,3015,3016.91,3015,3015,4242.3913,3015
2022-03-22 16:35:00,3015,3015.62,3010.42,3012.51,1584.8681,3012.51
2022-03-22 16:36:00,3012.51,3012.51,3010.4,3010.68,1742.5715,3010.68
